dataset,partition_type,partition_bin,instance_count,ranking_safe_pct_w_0.05,ranking_safe_pct_w_0.1,ranking_safe_pct_w_0.3,ranking_safe_pct_w_0.5,ranking_safe_pct_w_1.0,ranking_safe_pct_no_safe,recall_safe_pct_w_0.05,recall_safe_pct_w_0.1,recall_safe_pct_w_0.3,recall_safe_pct_w_0.5,recall_safe_pct_w_1.0,recall_safe_pct_no_safe
scifact,df_band,DF=2-5,137,2.9197080291970803,1.4598540145985401,10.218978102189782,8.02919708029197,31.386861313868614,45.98540145985402,0.0,0.0,0.0,0.0,0.0,100.0
scifact,df_band,DF=6-20,321,2.1806853582554515,1.8691588785046727,9.034267912772584,5.607476635514018,26.479750778816197,54.82866043613706,2.1806853582554515,0.0,0.0,0.0,0.0,97.81931464174455
scifact,df_band,DF>20_rel>1%,2617,0.19105846388995032,1.2227741688956821,7.030951471150172,7.833397019487963,15.819640810087886,67.90217806648835,2.713030187237295,0.0,0.0,0.0,0.0,97.2869698127627
scifact,df_band,DF>20_rel_0.1-1%,399,0.2506265664160401,2.0050125313283207,10.275689223057643,7.268170426065162,17.794486215538846,62.40601503759399,3.007518796992481,0.0,0.0,0.0,0.0,96.99248120300751
scifact,idf_decile,D1,989,0.20222446916076847,0.40444893832153694,5.5611729019211324,9.201213346814964,14.964610717896864,69.66632962588474,2.3255813953488373,0.0,0.0,0.0,0.0,97.67441860465115
scifact,idf_decile,D10,170,2.3529411764705883,1.1764705882352942,10.0,7.647058823529412,31.76470588235294,47.05882352941176,0.0,0.0,0.0,0.0,0.0,100.0
scifact,idf_decile,D2,553,0.0,0.9041591320072333,6.871609403254973,7.59493670886076,13.924050632911392,70.70524412296564,1.9891500904159132,0.0,0.0,0.0,0.0,98.01084990958408
scifact,idf_decile,D3,370,0.2702702702702703,3.2432432432432434,8.64864864864865,7.027027027027027,15.405405405405407,65.4054054054054,3.5135135135135136,0.0,0.0,0.0,0.0,96.48648648648648
scifact,idf_decile,D4,308,0.0,1.948051948051948,7.467532467532467,5.194805194805195,21.1038961038961,64.28571428571429,3.571428571428571,0.0,0.0,0.0,0.0,96.42857142857143
scifact,idf_decile,D5,270,0.0,1.1111111111111112,9.62962962962963,8.148148148148149,17.037037037037038,64.07407407407408,3.7037037037037033,0.0,0.0,0.0,0.0,96.29629629629629
scifact,idf_decile,D6,233,1.2875536480686696,0.8583690987124464,11.158798283261802,4.291845493562231,15.450643776824036,66.95278969957081,2.1459227467811157,0.0,0.0,0.0,0.0,97.85407725321889
scifact,idf_decile,D7,210,0.0,2.380952380952381,8.571428571428571,10.0,16.666666666666664,62.38095238095238,2.857142857142857,0.0,0.0,0.0,0.0,97.14285714285714
scifact,idf_decile,D8,191,0.5235602094240838,3.1413612565445024,8.900523560209423,6.806282722513089,24.083769633507853,56.54450261780105,2.6178010471204187,0.0,0.0,0.0,0.0,97.38219895287958
scifact,idf_decile,D9,180,3.3333333333333335,1.6666666666666667,8.88888888888889,5.0,27.22222222222222,53.888888888888886,3.3333333333333335,0.0,0.0,0.0,0.0,96.66666666666667
bright_aops,df_band,DF=2-5,97,0.0,0.0,0.0,0.0,10.309278350515463,89.69072164948454,0.0,1.0309278350515463,3.0927835051546393,2.0618556701030926,14.432989690721648,79.38144329896907
bright_aops,df_band,DF=6-20,227,0.0,0.0,0.0,0.881057268722467,7.488986784140969,91.62995594713657,0.0,0.881057268722467,2.2026431718061676,1.3215859030837005,8.370044052863436,87.22466960352423
bright_aops,df_band,DF>20_rel<0.1%,870,0.0,0.0,0.0,0.22988505747126436,8.39080459770115,91.37931034482759,0.0,0.3448275862068966,3.793103448275862,1.839080459770115,8.96551724137931,85.0574712643678
bright_aops,df_band,DF>20_rel>1%,2694,0.03711952487008166,0.0,0.3711952487008166,0.2969561989606533,2.1158129175946545,97.1789161098738,0.0,0.0,0.6310319227913883,1.3734224201930216,3.155159613956941,94.84038604305864
bright_aops,df_band,DF>20_rel_0.1-1%,1698,0.0,0.0,0.7656065959952886,0.11778563015312131,3.828032979976443,95.28857479387514,0.0,0.058892815076560655,2.8857479387514724,2.65017667844523,6.9493521790341575,87.45583038869258
bright_aops,idf_decile,D1,1496,0.06684491978609625,0.0,0.4679144385026738,0.4010695187165776,2.072192513368984,96.99197860962568,0.0,0.0,0.2005347593582888,0.8021390374331552,2.941176470588235,96.05614973262033
bright_aops,idf_decile,D10,305,0.0,0.0,0.0,0.6557377049180327,8.19672131147541,91.14754098360656,0.0,0.9836065573770493,2.622950819672131,1.639344262295082,10.819672131147541,83.93442622950819
bright_aops,idf_decile,D2,751,0.0,0.0,0.13315579227696406,0.2663115845539281,2.130492676431425,97.47003994673769,0.0,0.0,1.5978695073235687,1.1984021304926764,3.462050599201065,93.74167776298269
bright_aops,idf_decile,D3,634,0.0,0.0,0.9463722397476341,0.0,2.365930599369085,96.68769716088327,0.0,0.0,0.6309148264984227,3.4700315457413247,3.7854889589905363,92.11356466876973
bright_aops,idf_decile,D4,507,0.0,0.0,0.591715976331361,0.19723865877712032,2.9585798816568047,96.25246548323472,0.0,0.0,1.7751479289940828,3.353057199211045,6.903353057199212,87.96844181459566
bright_aops,idf_decile,D5,438,0.0,0.0,0.91324200913242,0.228310502283105,3.65296803652968,95.2054794520548,0.0,0.228310502283105,3.4246575342465753,3.4246575342465753,9.58904109589041,83.33333333333334
bright_aops,idf_decile,D6,451,0.0,0.0,0.4434589800443459,0.0,5.986696230598669,93.56984478935698,0.0,0.0,4.434589800443459,1.5521064301552108,5.543237250554324,88.470066518847
bright_aops,idf_decile,D7,347,0.0,0.0,0.0,0.0,4.899135446685879,95.10086455331412,0.0,0.0,3.45821325648415,1.440922190201729,7.780979827089338,87.31988472622479
bright_aops,idf_decile,D8,342,0.0,0.0,0.0,0.29239766081871343,9.064327485380117,90.64327485380117,0.0,0.5847953216374269,2.3391812865497075,1.461988304093567,7.017543859649122,88.59649122807018
bright_aops,idf_decile,D9,315,0.0,0.0,0.0,0.31746031746031744,9.206349206349207,90.47619047619048,0.0,0.31746031746031744,5.079365079365079,1.9047619047619049,10.793650793650794,81.9047619047619
nfcorpus,df_band,DF=2-5,4658,10.154572778016316,1.07342206955775,3.39201373980249,6.354658651781881,34.521253756977245,44.50407900386432,43.967367969085444,0.19321597252039502,1.4169171318162301,2.941176470588235,28.832116788321166,22.649205667668525
nfcorpus,df_band,DF=6-20,8982,9.407704297483857,1.1467379202850145,3.674014696058784,5.355154753952349,16.95613449120463,63.460253841015366,58.86216878200846,0.723669561344912,2.6608773101759073,2.738810955243821,11.946114451124473,23.068358940102428
nfcorpus,df_band,DF>20_rel>1%,21178,3.291151194635943,0.9963169326659742,3.985267730663897,3.796392482765134,8.910189819624138,79.02068183964491,58.47105486825952,1.0152044574558503,4.103314760600623,3.361979412597979,6.983662291056756,26.064784210029273
nfcorpus,df_band,DF>20_rel_0.1-1%,5049,5.228758169934641,1.1883541295306002,3.6838978015448602,4.753416518122401,10.081204198851259,75.06436918201625,60.863537334125574,0.8120419885125768,3.4264210734798968,2.7926322043969103,6.59536541889483,25.510001980590214
nfcorpus,idf_decile,D1,14073,2.963120869750586,0.7816385987351666,3.965039437220209,3.659489803169189,8.818304554821289,79.81240673630356,57.25147445462944,0.8669082640517303,4.121367156967242,3.659489803169189,7.375826049882754,26.72493427129965
nfcorpus,idf_decile,D10,862,8.236658932714617,1.2761020881670533,3.82830626450116,9.860788863109049,50.232018561484914,26.5661252900232,25.638051044083525,0.0,0.8120649651972157,6.380510440835267,45.59164733178655,21.57772621809745
nfcorpus,idf_decile,D2,7615,4.005252790544977,1.4051214707813526,4.070912672357189,4.110308601444517,8.995403808273144,77.41300065659883,61.247537754432045,1.2606697307944845,4.084044648719632,2.7708470124753775,6.0932370321733424,24.543663821405122
nfcorpus,idf_decile,D3,4909,5.459360358525158,1.161132613566918,3.666734569158688,4.950091668364228,10.45019352210226,74.31248726828275,60.35852515787329,0.8352006518639234,3.3815441026685678,2.9130169077205132,7.027907924220819,25.483805255652882
nfcorpus,idf_decile,D4,3362,7.852468768590125,1.0410469958358122,3.6585365853658534,5.443188578227246,13.682331945270674,68.3224271267103,61.00535395597858,0.9220701963117192,3.2123735871505055,3.301606186793575,9.518143961927423,22.040452111838192
nfcorpus,idf_decile,D5,2715,10.20257826887661,1.1049723756906076,3.4622467771639043,4.677716390423573,17.384898710865563,63.16758747697975,58.85819521178637,0.6998158379373849,2.3204419889502765,2.209944751381215,11.823204419889503,24.08839779005525
nfcorpus,idf_decile,D6,2535,10.848126232741617,1.3806706114398422,3.7475345167652856,5.680473372781065,21.617357001972387,56.725838264299796,55.62130177514793,0.4733727810650888,2.0907297830374754,2.3274161735700196,15.660749506903354,23.826429980276135
nfcorpus,idf_decile,D7,1065,11.737089201877934,0.9389671361502347,3.004694835680751,4.976525821596244,23.474178403755868,55.86854460093896,53.14553990610329,0.28169014084507044,2.2535211267605635,1.784037558685446,16.8075117370892,25.727699530516436
nfcorpus,idf_decile,D8,1274,9.57613814756672,1.098901098901099,3.296703296703297,5.4945054945054945,30.612244897959183,49.92150706436421,49.058084772370485,0.39246467817896385,1.4128728414442702,2.2762951334379906,25.66718995290424,21.19309262166405
nfcorpus,idf_decile,D9,1457,10.638297872340425,1.029512697323267,3.5003431708991077,6.039807824296499,36.71928620452986,42.072752230610845,43.65133836650652,0.06863417982155114,1.1667810569663692,2.3335621139327385,30.473575840768703,22.30610844200412
trec_covid,df_band,DF=2-5,1974,0.4052684903748734,0.60790273556231,4.812563323201621,8.865248226950355,15.906788247213779,69.40222897669706,3.2928064842958458,3.2928064842958458,10.790273556231003,8.358662613981762,13.42451874366768,60.840932117527856
trec_covid,df_band,DF=6-20,7540,0.22546419098143236,0.5702917771883289,3.6604774535809024,5.7824933687002655,7.639257294429708,82.12201591511936,3.8328912466843503,3.2360742705570296,10.53050397877984,7.625994694960212,6.5119363395225465,68.26259946949602
trec_covid,df_band,DF>20_rel<0.1%,37037,0.2808002808002808,0.6372006372006372,2.7027027027027026,3.9501039501039505,2.9403029403029404,89.48888948888948,3.5208035208035207,3.696303696303696,9.412209412209412,6.574506574506575,2.843102843102843,73.95307395307395
trec_covid,df_band,DF>20_rel>1%,52053,1.1257756517395732,2.130520815322844,4.795112673621118,4.345570860469137,1.9845157819914319,85.6185042168559,6.1783182525502855,7.029373907363648,10.347146177934029,5.842122452116112,2.0171748026050373,68.58586440743089
trec_covid,df_band,DF>20_rel_0.1-1%,74006,0.39050887765856823,0.8377699105477934,2.475474961489609,2.8457152122800853,1.0918033672945435,92.35872767072941,3.809150609410048,4.114531254222631,8.876307326432991,4.611788233386482,1.4552874091289896,77.13293516741886
trec_covid,idf_decile,D1,72451,0.9537480504064817,1.839864184069233,4.215262729292901,3.8978067935570246,1.7046003505817726,87.38871789209259,5.631392251314682,6.387765524285379,9.918427626947867,5.417454555492678,1.7694717809277993,70.87548826103159
trec_covid,idf_decile,D10,2456,0.4885993485342019,0.5293159609120521,4.397394136807818,8.754071661237784,14.90228013029316,70.92833876221498,3.5830618892508146,3.298045602605863,10.749185667752444,7.858306188925081,13.110749185667753,61.40065146579805
trec_covid,idf_decile,D2,38538,0.352898437905444,0.7862369609216877,2.395038663137682,2.8205926617883645,1.0119881675229643,92.63324510872386,3.7028387565519747,3.9156157558773157,8.889926825470964,4.527998339301469,1.4401370076288338,77.52348331516944
trec_covid,idf_decile,D3,20101,0.2835679816924531,0.577085717128501,2.353116760360181,3.144122182975971,1.4974379384110243,92.14466941943186,3.5769364708223472,3.7261827769762697,8.666235510671111,5.343017760310433,1.9551266106163874,76.73250087060345
trec_covid,idf_decile,D4,12171,0.3286500698381398,0.6408676361843727,2.547038041245584,3.861638320598143,2.128009202201955,90.4937967299318,3.459041985046422,3.8205570618683757,9.456905759592473,6.39224385835182,2.234820474899351,74.63643086024156
trec_covid,idf_decile,D5,8263,0.2662471257412562,0.6535156722739924,2.6019605470168217,3.9331961757231024,2.783492678204042,89.76158780104079,3.4975190608737745,3.3038847876074064,9.330751543023116,6.426237444027592,3.0255355197870024,74.4160716446811
trec_covid,idf_decile,D6,6225,0.24096385542168677,0.7710843373493975,2.8433734939759034,4.016064257028113,3.8393574297188753,88.28915662650603,3.2449799196787152,3.823293172690763,9.63855421686747,7.100401606425703,3.2771084337349397,72.91566265060241
trec_covid,idf_decile,D7,4818,0.37359900373599003,0.6434205064342051,3.23785803237858,4.711498547114985,5.230386052303861,85.80323785803238,3.69447903694479,3.9435450394354503,10.25321710253217,7.347447073474471,4.2341220423412205,70.5271897052719
trec_covid,idf_decile,D8,4460,0.17937219730941703,0.5605381165919282,3.856502242152467,5.201793721973094,6.47982062780269,83.7219730941704,3.968609865470852,3.2062780269058297,11.09865470852018,7.690582959641255,5.4708520179372195,68.56502242152467
trec_covid,idf_decile,D9,3127,0.1598976654940838,0.6076111288775183,3.5817077070674768,5.756315957787017,8.28269907259354,81.61176846818037,3.5817077070674768,3.389830508474576,10.201471058522547,7.80300607611129,6.715701950751519,68.30828269907259
