stage,config_id,dataset,category,model_family,display_name,params,num_queries,strict_10,strict_20,strict_30,strict_50,complete_10,complete_20,complete_30,complete_50,doc_rec_10,doc_rec_20,doc_rec_30,doc_rec_50,prec_10,prec_20,prec_30,prec_50,mrr_10,latency_p50_ms,latency_mean_ms,latency_p95_ms,tti_s,vram_gb,avg_anchors,avg_synonyms,starved_aspects_mean
stage2,gate_dtau_-0.25__beta_1.0__single,enterpriserag_doc_level,Edge-RAG,v7,"Gate d_tau=-0.25 (beta=1.0, single)","delta_tau=-0.25, beta=1.0, gate=single",500,94.47,97.45,98.3,98.3,89.36,94.47,95.96,96.6,92.55,96.14,97.23,97.61,13.66,7.23,4.91,2.98,0.8301,123.15,129.53,197.42,0.0,0.0,21.91,47215.93,0.0
stage2,gate_dtau_-0.20__beta_1.0__single,enterpriserag_doc_level,Edge-RAG,v7,"Gate d_tau=-0.20 (beta=1.0, single)","delta_tau=-0.2, beta=1.0, gate=single",500,94.47,97.45,98.3,98.3,89.36,94.47,95.96,96.6,92.51,96.14,97.23,97.61,13.64,7.23,4.91,2.98,0.8301,120.93,126.23,187.76,0.0,0.0,21.91,44732.62,0.0
stage2,gate_dtau_-0.15__beta_1.0__single,enterpriserag_doc_level,Edge-RAG,v7,"Gate d_tau=-0.15 (beta=1.0, single)","delta_tau=-0.15, beta=1.0, gate=single",500,94.47,97.45,98.3,98.3,89.36,94.47,95.96,96.6,92.51,96.14,97.23,97.61,13.64,7.23,4.91,2.98,0.8301,113.45,119.46,180.51,0.0,0.0,21.91,41244.8,0.0
stage2,gate_dtau_-0.10__beta_1.0__single,enterpriserag_doc_level,Edge-RAG,v7,"Gate d_tau=-0.10 (beta=1.0, single)","delta_tau=-0.1, beta=1.0, gate=single",500,94.47,97.45,98.3,98.3,89.36,94.47,95.96,96.6,92.51,96.14,97.23,97.61,13.64,7.23,4.91,2.98,0.8301,103.14,109.46,165.09,0.0,0.0,21.91,36272.52,0.0
stage2,gate_dtau_-0.05__beta_1.0__single,enterpriserag_doc_level,Edge-RAG,v7,"Gate d_tau=-0.05 (beta=1.0, single)","delta_tau=-0.05, beta=1.0, gate=single",500,94.47,97.45,98.3,98.3,89.36,94.47,95.96,96.6,92.47,96.14,97.23,97.61,13.62,7.23,4.91,2.98,0.8304,88.5,92.99,137.31,0.0,0.0,21.91,29435.64,0.0
stage2,gate_dtau_+0.00__beta_1.0__single,enterpriserag_doc_level,Edge-RAG,v7,"Gate d_tau=+0.00 (beta=1.0, single)","delta_tau=0.0, beta=1.0, gate=single",500,94.47,97.45,98.3,98.3,89.36,94.47,95.96,96.6,92.47,96.14,97.23,97.61,13.62,7.23,4.91,2.98,0.8304,72.11,74.62,104.69,0.0,0.0,21.91,21740.78,0.0
stage2,gate_dtau_+0.05__beta_1.0__single,enterpriserag_doc_level,Edge-RAG,v7,"Gate d_tau=+0.05 (beta=1.0, single)","delta_tau=0.05, beta=1.0, gate=single",500,94.47,97.45,98.3,98.3,89.36,94.47,95.96,96.6,92.47,96.14,97.23,97.61,13.62,7.23,4.91,2.98,0.8303,58.55,60.41,83.57,0.0,0.0,21.91,15521.68,0.0
stage2,gate_dtau_+0.10__beta_1.0__single,enterpriserag_doc_level,Edge-RAG,v7,"Gate d_tau=+0.10 (beta=1.0, single)","delta_tau=0.1, beta=1.0, gate=single",500,94.47,97.45,98.3,98.3,89.36,94.47,95.96,96.6,92.47,96.14,97.23,97.63,13.62,7.23,4.91,2.99,0.8297,49.4,50.74,68.04,0.0,0.0,21.91,11244.56,0.0
stage2,gate_dtau_+0.15__beta_1.0__single,enterpriserag_doc_level,Edge-RAG,v7,"Gate d_tau=+0.15 (beta=1.0, single)","delta_tau=0.15, beta=1.0, gate=single",500,94.47,97.45,98.3,98.3,89.36,94.47,95.96,96.6,92.47,96.14,97.23,97.63,13.62,7.23,4.91,2.99,0.8333,43.14,44.28,58.44,0.0,0.0,21.91,8345.55,0.09
stage2,gate_dtau_+0.20__beta_1.0__single,enterpriserag_doc_level,Edge-RAG,v7,"Gate d_tau=+0.20 (beta=1.0, single)","delta_tau=0.2, beta=1.0, gate=single",500,94.68,97.45,98.3,98.3,89.57,94.47,95.96,96.6,92.68,96.14,97.23,97.63,13.64,7.23,4.91,2.99,0.8314,38.97,39.45,51.31,0.0,0.0,21.91,6344.54,0.54
stage2,gate_dtau_+0.25__beta_1.0__single,enterpriserag_doc_level,Edge-RAG,v7,"Gate d_tau=+0.25 (beta=1.0, single)","delta_tau=0.25, beta=1.0, gate=single",500,93.83,97.23,98.09,98.09,89.15,94.26,95.74,96.38,91.91,95.88,96.97,97.35,13.57,7.2,4.89,2.97,0.8293,35.06,35.62,45.54,0.0,0.0,21.91,4886.2,1.13
stage2,gate_beta_0.00__dtau_0.0__single,enterpriserag_doc_level,Edge-RAG,v7,"Gate beta=0.00 (d_tau=0.0, single)","beta=0.0, delta_tau=0.0, gate=single",500,94.26,97.45,98.3,98.51,89.15,94.47,95.96,96.81,92.3,96.14,97.27,97.85,13.62,7.23,4.91,2.99,0.8273,35.42,37.07,47.2,0.0,0.0,21.91,2303.73,0.0
stage2,gate_beta_0.50__dtau_0.0__single,enterpriserag_doc_level,Edge-RAG,v7,"Gate beta=0.50 (d_tau=0.0, single)","beta=0.5, delta_tau=0.0, gate=single",500,94.26,97.66,98.3,98.3,89.15,94.68,95.96,96.6,92.3,96.35,97.23,97.63,13.62,7.24,4.91,2.99,0.8293,43.0,43.95,58.26,0.0,0.0,21.91,4368.21,0.0
stage2,gate_beta_0.65__dtau_0.0__single,enterpriserag_doc_level,Edge-RAG,v7,"Gate beta=0.65 (d_tau=0.0, single)","beta=0.65, delta_tau=0.0, gate=single",500,94.47,97.45,98.3,98.3,89.36,94.47,95.96,96.6,92.51,96.14,97.23,97.63,13.64,7.23,4.91,2.99,0.8289,51.87,52.86,70.95,0.0,0.0,21.91,7451.35,0.0
stage2,gate_beta_1.00__dtau_0.0__single,enterpriserag_doc_level,Edge-RAG,v7,"Gate beta=1.00 (d_tau=0.0, single)","beta=1.0, delta_tau=0.0, gate=single",500,94.47,97.45,98.3,98.3,89.36,94.47,95.96,96.6,92.47,96.14,97.23,97.61,13.62,7.23,4.91,2.98,0.8304,70.38,73.09,103.51,0.0,0.0,21.91,21740.78,0.0
stage2,gate_variant_single__dtau_0.0__beta_1.0,enterpriserag_doc_level,Edge-RAG,v7,Gate Variant: single,"gate_variant=single, delta_tau=0.0, beta=1.0",500,94.47,97.45,98.3,98.3,89.36,94.47,95.96,96.6,92.47,96.14,97.23,97.61,13.62,7.23,4.91,2.98,0.8304,70.61,73.0,105.55,0.0,0.0,21.91,21740.78,0.0
stage2,gate_variant_two_gate__dtau_0.0__beta_1.0,enterpriserag_doc_level,Edge-RAG,v7,Gate Variant: two_gate,"gate_variant=two_gate, delta_tau=0.0, beta=1.0",500,94.47,97.45,98.3,98.3,89.36,94.47,95.96,96.6,92.47,96.14,97.23,97.63,13.62,7.23,4.91,2.99,0.8304,78.89,81.14,110.05,0.0,0.0,21.91,19302.96,0.0
stage2,gate_variant_soft_reweight__dtau_0.0__beta_1.0,enterpriserag_doc_level,Edge-RAG,v7,Gate Variant: soft_reweight,"gate_variant=soft_reweight, delta_tau=0.0, beta=1.0",500,94.47,97.45,98.3,98.3,89.36,94.47,95.96,96.6,92.47,96.14,97.23,97.61,13.62,7.23,4.91,2.98,0.8304,85.93,89.25,123.58,0.0,0.0,21.91,21740.78,0.0
stage2,gate_dtau_-0.25__beta_1.0__single,liverag_doc_level,Edge-RAG,v7,"Gate d_tau=-0.25 (beta=1.0, single)","delta_tau=-0.25, beta=1.0, gate=single",895,97.88,98.32,98.66,98.88,97.09,97.99,98.32,98.66,97.49,98.16,98.49,98.77,11.23,5.66,3.79,2.28,0.93,73.52,75.31,104.47,0.0,0.0,11.31,22226.95,0.0
stage2,gate_dtau_-0.20__beta_1.0__single,liverag_doc_level,Edge-RAG,v7,"Gate d_tau=-0.20 (beta=1.0, single)","delta_tau=-0.2, beta=1.0, gate=single",895,97.88,98.32,98.66,98.88,97.09,97.99,98.32,98.66,97.49,98.16,98.49,98.77,11.23,5.66,3.79,2.28,0.9298,71.23,72.52,99.6,0.0,0.0,11.31,20557.27,0.0
stage2,gate_dtau_-0.15__beta_1.0__single,liverag_doc_level,Edge-RAG,v7,"Gate d_tau=-0.15 (beta=1.0, single)","delta_tau=-0.15, beta=1.0, gate=single",895,97.88,98.32,98.66,98.88,97.09,97.99,98.32,98.66,97.49,98.16,98.49,98.77,11.23,5.66,3.79,2.28,0.9298,65.91,67.35,92.03,0.0,0.0,11.31,18066.03,0.0
stage2,gate_dtau_-0.10__beta_1.0__single,liverag_doc_level,Edge-RAG,v7,"Gate d_tau=-0.10 (beta=1.0, single)","delta_tau=-0.1, beta=1.0, gate=single",895,97.88,98.32,98.66,98.88,97.09,97.99,98.32,98.66,97.49,98.16,98.49,98.77,11.23,5.66,3.79,2.28,0.93,57.69,58.76,78.37,0.0,0.0,11.31,14360.84,0.0
stage2,gate_dtau_-0.05__beta_1.0__single,liverag_doc_level,Edge-RAG,v7,"Gate d_tau=-0.05 (beta=1.0, single)","delta_tau=-0.05, beta=1.0, gate=single",895,97.88,98.32,98.66,98.88,97.09,97.99,98.32,98.66,97.49,98.16,98.49,98.77,11.23,5.66,3.79,2.28,0.9296,46.13,46.38,60.66,0.0,0.0,11.31,9437.79,0.0
stage2,gate_dtau_+0.00__beta_1.0__single,liverag_doc_level,Edge-RAG,v7,"Gate d_tau=+0.00 (beta=1.0, single)","delta_tau=0.0, beta=1.0, gate=single",895,97.88,98.32,98.66,98.88,97.09,97.99,98.32,98.66,97.49,98.16,98.49,98.77,11.23,5.66,3.79,2.28,0.9303,34.37,34.46,44.32,0.0,0.0,11.31,5184.41,0.0
stage2,gate_dtau_+0.05__beta_1.0__single,liverag_doc_level,Edge-RAG,v7,"Gate d_tau=+0.05 (beta=1.0, single)","delta_tau=0.05, beta=1.0, gate=single",895,97.88,98.32,98.66,98.88,96.98,97.99,98.32,98.66,97.43,98.16,98.49,98.77,11.22,5.66,3.79,2.28,0.9304,27.55,27.58,35.44,0.0,0.0,11.31,2946.8,0.0
stage2,gate_dtau_+0.10__beta_1.0__single,liverag_doc_level,Edge-RAG,v7,"Gate d_tau=+0.10 (beta=1.0, single)","delta_tau=0.1, beta=1.0, gate=single",895,97.99,98.44,98.66,98.88,97.21,98.1,98.32,98.66,97.6,98.27,98.49,98.77,11.24,5.66,3.79,2.28,0.9301,24.4,24.36,30.98,0.0,0.0,11.31,1929.39,0.05
stage2,gate_dtau_+0.15__beta_1.0__single,liverag_doc_level,Edge-RAG,v7,"Gate d_tau=+0.15 (beta=1.0, single)","delta_tau=0.15, beta=1.0, gate=single",895,97.88,98.32,98.66,98.88,97.21,97.88,98.32,98.66,97.54,98.1,98.49,98.77,11.24,5.65,3.79,2.28,0.927,22.65,22.7,27.94,0.0,0.0,11.31,1393.79,0.63
stage2,gate_dtau_+0.20__beta_1.0__single,liverag_doc_level,Edge-RAG,v7,"Gate d_tau=+0.20 (beta=1.0, single)","delta_tau=0.2, beta=1.0, gate=single",895,97.99,98.32,98.66,98.88,97.21,97.88,98.32,98.66,97.6,98.1,98.49,98.77,11.24,5.65,3.79,2.28,0.9292,21.39,21.44,26.17,0.0,0.0,11.31,1068.89,1.6
stage2,gate_dtau_+0.25__beta_1.0__single,liverag_doc_level,Edge-RAG,v7,"Gate d_tau=+0.25 (beta=1.0, single)","delta_tau=0.25, beta=1.0, gate=single",895,97.88,98.32,98.66,98.88,97.09,97.88,98.32,98.66,97.49,98.1,98.49,98.77,11.23,5.65,3.79,2.28,0.9292,20.45,20.5,25.17,0.0,0.0,11.31,857.1,2.5
stage2,gate_beta_0.00__dtau_0.0__single,liverag_doc_level,Edge-RAG,v7,"Gate beta=0.00 (d_tau=0.0, single)","beta=0.0, delta_tau=0.0, gate=single",895,97.77,98.32,98.55,98.88,96.76,97.88,98.21,98.66,97.26,98.1,98.38,98.77,11.2,5.65,3.78,2.28,0.9164,29.36,29.33,32.28,0.0,0.0,11.31,53.53,1.59
stage2,gate_beta_0.50__dtau_0.0__single,liverag_doc_level,Edge-RAG,v7,"Gate beta=0.50 (d_tau=0.0, single)","beta=0.5, delta_tau=0.0, gate=single",895,97.88,98.44,98.66,98.88,97.21,98.1,98.32,98.66,97.54,98.27,98.49,98.77,11.24,5.66,3.79,2.28,0.9293,30.02,30.01,33.17,0.0,0.0,11.31,190.57,0.37
stage2,gate_beta_0.65__dtau_0.0__single,liverag_doc_level,Edge-RAG,v7,"Gate beta=0.65 (d_tau=0.0, single)","beta=0.65, delta_tau=0.0, gate=single",895,97.88,98.44,98.66,98.88,96.98,98.1,98.32,98.66,97.43,98.27,98.49,98.77,11.22,5.66,3.79,2.28,0.9292,31.56,31.66,35.89,0.0,0.0,11.31,523.68,0.01
stage2,gate_beta_1.00__dtau_0.0__single,liverag_doc_level,Edge-RAG,v7,"Gate beta=1.00 (d_tau=0.0, single)","beta=1.0, delta_tau=0.0, gate=single",895,97.88,98.32,98.66,98.88,97.09,97.99,98.32,98.66,97.49,98.16,98.49,98.77,11.23,5.66,3.79,2.28,0.9303,34.56,34.52,44.04,0.0,0.0,11.31,5184.41,0.0
stage2,gate_variant_single__dtau_0.0__beta_1.0,liverag_doc_level,Edge-RAG,v7,Gate Variant: single,"gate_variant=single, delta_tau=0.0, beta=1.0",895,97.88,98.32,98.66,98.88,97.09,97.99,98.32,98.66,97.49,98.16,98.49,98.77,11.23,5.66,3.79,2.28,0.9303,34.48,34.88,44.74,0.0,0.0,11.31,5184.41,0.0
stage2,gate_variant_two_gate__dtau_0.0__beta_1.0,liverag_doc_level,Edge-RAG,v7,Gate Variant: two_gate,"gate_variant=two_gate, delta_tau=0.0, beta=1.0",895,97.88,98.44,98.66,98.88,96.98,98.1,98.32,98.66,97.43,98.27,98.49,98.77,11.22,5.66,3.79,2.28,0.9298,39.52,39.87,48.91,0.0,0.0,11.31,3005.87,0.0
stage2,gate_variant_soft_reweight__dtau_0.0__beta_1.0,liverag_doc_level,Edge-RAG,v7,Gate Variant: soft_reweight,"gate_variant=soft_reweight, delta_tau=0.0, beta=1.0",895,97.88,98.32,98.66,98.88,96.98,97.99,98.32,98.66,97.43,98.16,98.49,98.77,11.22,5.66,3.79,2.28,0.9303,47.37,47.62,58.41,0.0,0.0,11.31,5184.41,0.0
stage2,gate_dtau_-0.25__beta_1.0__single,beir_scifact_doc_level,Edge-RAG,v7,"Gate d_tau=-0.25 (beta=1.0, single)","delta_tau=-0.25, beta=1.0, gate=single",300,79.67,85.67,86.67,88.0,76.0,82.33,84.0,87.0,77.69,84.0,85.58,87.66,8.53,4.65,3.2,1.99,0.6023,70.6,72.6,103.91,0.0,0.0,9.13,20985.33,0.0
stage2,gate_dtau_-0.20__beta_1.0__single,beir_scifact_doc_level,Edge-RAG,v7,"Gate d_tau=-0.20 (beta=1.0, single)","delta_tau=-0.2, beta=1.0, gate=single",300,79.67,85.67,86.67,88.0,76.0,82.33,84.0,87.0,77.69,84.0,85.58,87.66,8.53,4.65,3.2,1.99,0.6023,68.79,70.64,100.47,0.0,0.0,9.13,20006.6,0.0
stage2,gate_dtau_-0.15__beta_1.0__single,beir_scifact_doc_level,Edge-RAG,v7,"Gate d_tau=-0.15 (beta=1.0, single)","delta_tau=-0.15, beta=1.0, gate=single",300,79.67,85.67,86.67,88.0,76.0,82.33,84.0,87.0,77.69,84.0,85.58,87.66,8.53,4.65,3.2,1.99,0.6023,65.37,67.46,94.12,0.0,0.0,9.13,18393.21,0.0
stage2,gate_dtau_-0.10__beta_1.0__single,beir_scifact_doc_level,Edge-RAG,v7,"Gate d_tau=-0.10 (beta=1.0, single)","delta_tau=-0.1, beta=1.0, gate=single",300,79.67,85.67,86.67,88.0,76.0,82.33,84.0,87.0,77.69,84.0,85.58,87.66,8.53,4.65,3.2,1.99,0.6023,60.27,61.54,84.3,0.0,0.0,9.13,15619.65,0.0
stage2,gate_dtau_-0.05__beta_1.0__single,beir_scifact_doc_level,Edge-RAG,v7,"Gate d_tau=-0.05 (beta=1.0, single)","delta_tau=-0.05, beta=1.0, gate=single",300,79.67,85.67,86.67,88.0,76.0,82.33,84.0,87.0,77.69,84.0,85.58,87.66,8.53,4.65,3.2,1.99,0.6023,50.93,51.56,70.22,0.0,0.0,9.13,11190.17,0.0
stage2,gate_dtau_+0.00__beta_1.0__single,beir_scifact_doc_level,Edge-RAG,v7,"Gate d_tau=+0.00 (beta=1.0, single)","delta_tau=0.0, beta=1.0, gate=single",300,79.67,85.67,86.67,88.0,76.0,82.33,84.0,87.0,77.69,84.0,85.58,87.66,8.53,4.65,3.2,1.99,0.6023,39.66,39.7,52.36,0.0,0.0,9.13,6457.25,0.0
stage2,gate_dtau_+0.05__beta_1.0__single,beir_scifact_doc_level,Edge-RAG,v7,"Gate d_tau=+0.05 (beta=1.0, single)","delta_tau=0.05, beta=1.0, gate=single",300,79.67,85.67,86.67,88.0,76.0,82.33,84.0,87.0,77.69,84.0,85.58,87.66,8.53,4.65,3.2,1.99,0.6023,30.91,31.24,40.66,0.0,0.0,9.13,3461.31,0.0
stage2,gate_dtau_+0.10__beta_1.0__single,beir_scifact_doc_level,Edge-RAG,v7,"Gate d_tau=+0.10 (beta=1.0, single)","delta_tau=0.1, beta=1.0, gate=single",300,79.67,85.33,86.67,88.33,76.0,82.0,84.0,87.33,77.69,83.67,85.58,87.99,8.53,4.63,3.2,2.0,0.6026,26.09,26.26,33.2,0.0,0.0,9.13,1976.34,0.01
stage2,gate_dtau_+0.15__beta_1.0__single,beir_scifact_doc_level,Edge-RAG,v7,"Gate d_tau=+0.15 (beta=1.0, single)","delta_tau=0.15, beta=1.0, gate=single",300,80.0,86.0,87.0,88.33,76.0,82.67,84.33,87.33,77.86,84.33,85.91,87.99,8.53,4.67,3.21,2.0,0.6038,23.09,23.31,29.31,0.0,0.0,9.13,1213.39,0.2
stage2,gate_dtau_+0.20__beta_1.0__single,beir_scifact_doc_level,Edge-RAG,v7,"Gate d_tau=+0.20 (beta=1.0, single)","delta_tau=0.2, beta=1.0, gate=single",300,80.0,86.0,87.0,88.33,76.0,82.67,84.33,87.33,77.86,84.33,85.91,87.99,8.53,4.67,3.21,2.0,0.602,21.27,21.38,26.37,0.0,0.0,9.13,786.62,0.91
stage2,gate_dtau_+0.25__beta_1.0__single,beir_scifact_doc_level,Edge-RAG,v7,"Gate d_tau=+0.25 (beta=1.0, single)","delta_tau=0.25, beta=1.0, gate=single",300,80.33,85.67,87.0,88.33,76.33,82.33,84.33,87.33,78.26,83.93,85.91,87.99,8.6,4.63,3.21,2.0,0.5969,20.04,20.02,24.34,0.0,0.0,9.13,538.15,1.73
stage2,gate_beta_0.00__dtau_0.0__single,beir_scifact_doc_level,Edge-RAG,v7,"Gate beta=0.00 (d_tau=0.0, single)","beta=0.0, delta_tau=0.0, gate=single",300,79.67,85.67,87.0,88.0,76.0,82.33,84.67,87.0,77.69,84.0,86.02,87.66,8.53,4.65,3.22,1.99,0.6022,30.79,30.89,34.39,0.0,0.0,9.13,651.75,0.02
stage2,gate_beta_0.50__dtau_0.0__single,beir_scifact_doc_level,Edge-RAG,v7,"Gate beta=0.50 (d_tau=0.0, single)","beta=0.5, delta_tau=0.0, gate=single",300,79.67,85.33,86.67,88.0,76.0,82.0,84.0,87.0,77.69,83.67,85.58,87.66,8.53,4.63,3.2,1.99,0.6024,33.94,34.05,39.47,0.0,0.0,9.13,1255.34,0.0
stage2,gate_beta_0.65__dtau_0.0__single,beir_scifact_doc_level,Edge-RAG,v7,"Gate beta=0.65 (d_tau=0.0, single)","beta=0.65, delta_tau=0.0, gate=single",300,79.67,85.33,86.67,88.0,76.0,82.0,84.0,87.0,77.69,83.67,85.58,87.66,8.53,4.63,3.2,1.99,0.6024,37.42,37.66,44.93,0.0,0.0,9.13,2095.36,0.0
stage2,gate_beta_1.00__dtau_0.0__single,beir_scifact_doc_level,Edge-RAG,v7,"Gate beta=1.00 (d_tau=0.0, single)","beta=1.0, delta_tau=0.0, gate=single",300,79.67,85.67,86.67,88.0,76.0,82.33,84.0,87.0,77.69,84.0,85.58,87.66,8.53,4.65,3.2,1.99,0.6023,39.32,39.81,52.92,0.0,0.0,9.13,6457.25,0.0
stage2,gate_variant_single__dtau_0.0__beta_1.0,beir_scifact_doc_level,Edge-RAG,v7,Gate Variant: single,"gate_variant=single, delta_tau=0.0, beta=1.0",300,79.67,85.67,86.67,88.0,76.0,82.33,84.0,87.0,77.69,84.0,85.58,87.66,8.53,4.65,3.2,1.99,0.6023,39.02,39.66,52.22,0.0,0.0,9.13,6457.25,0.0
stage2,gate_variant_two_gate__dtau_0.0__beta_1.0,beir_scifact_doc_level,Edge-RAG,v7,Gate Variant: two_gate,"gate_variant=two_gate, delta_tau=0.0, beta=1.0",300,79.67,85.67,86.67,88.0,76.0,82.33,84.0,87.0,77.69,84.0,85.58,87.66,8.53,4.65,3.2,1.99,0.6023,50.07,50.35,62.45,0.0,0.0,9.13,5968.48,0.0
stage2,gate_variant_soft_reweight__dtau_0.0__beta_1.0,beir_scifact_doc_level,Edge-RAG,v7,Gate Variant: soft_reweight,"gate_variant=soft_reweight, delta_tau=0.0, beta=1.0",300,79.67,85.67,86.67,88.0,76.0,82.33,84.0,87.0,77.69,84.0,85.58,87.66,8.53,4.65,3.2,1.99,0.6023,52.13,52.92,66.62,0.0,0.0,9.13,6457.25,0.0
stage2,gate_dtau_-0.25__beta_1.0__single,beir_nfcorpus_doc_level,Edge-RAG,v7,"Gate d_tau=-0.25 (beta=1.0, single)","delta_tau=-0.25, beta=1.0, gate=single",323,70.28,74.61,76.47,78.33,4.33,4.64,4.64,4.95,15.0,17.96,19.34,21.79,23.03,16.61,13.24,10.06,0.5364,38.1,40.22,59.27,0.0,0.0,2.76,6490.19,0.0
stage2,gate_dtau_-0.20__beta_1.0__single,beir_nfcorpus_doc_level,Edge-RAG,v7,"Gate d_tau=-0.20 (beta=1.0, single)","delta_tau=-0.2, beta=1.0, gate=single",323,70.28,74.61,76.47,78.33,4.33,4.64,4.64,4.95,15.0,17.96,19.34,21.79,23.03,16.59,13.24,10.06,0.5364,38.08,39.8,58.7,0.0,0.0,2.76,6283.39,0.0
stage2,gate_dtau_-0.15__beta_1.0__single,beir_nfcorpus_doc_level,Edge-RAG,v7,"Gate d_tau=-0.15 (beta=1.0, single)","delta_tau=-0.15, beta=1.0, gate=single",323,70.28,74.61,76.47,78.33,4.33,4.64,4.64,4.95,15.0,17.95,19.34,21.79,23.07,16.59,13.24,10.07,0.5364,37.21,39.0,56.31,0.0,0.0,2.76,5904.59,0.0
stage2,gate_dtau_-0.10__beta_1.0__single,beir_nfcorpus_doc_level,Edge-RAG,v7,"Gate d_tau=-0.10 (beta=1.0, single)","delta_tau=-0.1, beta=1.0, gate=single",323,70.28,74.61,76.78,78.33,4.33,4.64,4.64,4.95,15.0,18.02,19.44,21.86,23.07,16.61,13.27,10.08,0.5364,35.25,36.55,52.97,0.0,0.0,2.76,5111.6,0.0
stage2,gate_dtau_-0.05__beta_1.0__single,beir_nfcorpus_doc_level,Edge-RAG,v7,"Gate d_tau=-0.05 (beta=1.0, single)","delta_tau=-0.05, beta=1.0, gate=single",323,69.97,74.61,76.47,78.33,4.33,4.64,4.64,4.95,14.98,18.05,19.51,21.91,23.07,16.61,13.29,10.09,0.5344,30.78,31.23,46.4,0.0,0.0,2.76,3652.06,0.0
stage2,gate_dtau_+0.00__beta_1.0__single,beir_nfcorpus_doc_level,Edge-RAG,v7,"Gate d_tau=+0.00 (beta=1.0, single)","delta_tau=0.0, beta=1.0, gate=single",323,69.97,74.92,76.78,78.33,4.33,4.95,4.95,5.26,15.07,18.51,19.94,22.31,23.13,16.75,13.36,10.17,0.5387,24.24,24.23,36.55,0.0,0.0,2.76,2040.08,0.0
stage2,gate_dtau_+0.05__beta_1.0__single,beir_nfcorpus_doc_level,Edge-RAG,v7,"Gate d_tau=+0.05 (beta=1.0, single)","delta_tau=0.05, beta=1.0, gate=single",323,70.28,74.61,77.09,79.26,4.95,4.95,4.95,5.57,15.66,18.68,20.28,23.03,23.31,16.87,13.49,10.27,0.5413,19.6,20.47,29.52,0.0,0.0,2.76,1033.33,0.0
stage2,gate_dtau_+0.10__beta_1.0__single,beir_nfcorpus_doc_level,Edge-RAG,v7,"Gate d_tau=+0.10 (beta=1.0, single)","delta_tau=0.1, beta=1.0, gate=single",323,69.97,74.3,76.47,77.4,4.64,4.64,4.64,4.95,15.55,18.35,19.87,22.18,23.25,16.8,13.47,10.2,0.5377,16.81,17.22,25.09,0.0,0.0,2.76,547.84,0.01
stage2,gate_dtau_+0.15__beta_1.0__single,beir_nfcorpus_doc_level,Edge-RAG,v7,"Gate d_tau=+0.15 (beta=1.0, single)","delta_tau=0.15, beta=1.0, gate=single",323,69.35,73.37,74.92,76.47,4.33,4.64,4.64,4.95,14.9,17.9,19.36,21.62,23.07,16.64,13.29,10.07,0.5362,15.69,16.03,22.18,0.0,0.0,2.76,311.3,0.13
stage2,gate_dtau_+0.20__beta_1.0__single,beir_nfcorpus_doc_level,Edge-RAG,v7,"Gate d_tau=+0.20 (beta=1.0, single)","delta_tau=0.2, beta=1.0, gate=single",323,69.04,73.07,74.92,76.47,4.33,4.64,4.64,4.95,14.85,17.89,19.26,21.57,22.88,16.66,13.2,10.02,0.5327,15.32,15.28,20.38,0.0,0.0,2.76,190.27,0.35
stage2,gate_dtau_+0.25__beta_1.0__single,beir_nfcorpus_doc_level,Edge-RAG,v7,"Gate d_tau=+0.25 (beta=1.0, single)","delta_tau=0.25, beta=1.0, gate=single",323,68.73,72.76,74.3,76.16,4.33,4.64,4.64,4.95,14.78,17.83,19.07,21.64,22.85,16.55,13.12,10.02,0.5272,14.66,14.79,18.99,0.0,0.0,2.76,123.79,0.67
stage2,gate_beta_0.00__dtau_0.0__single,beir_nfcorpus_doc_level,Edge-RAG,v7,"Gate beta=0.00 (d_tau=0.0, single)","beta=0.0, delta_tau=0.0, gate=single",323,69.66,73.99,76.47,77.71,4.64,4.95,4.95,5.26,15.56,18.69,20.29,22.63,23.28,16.92,13.51,10.26,0.5313,26.49,26.72,30.56,0.0,0.0,2.76,176.48,0.0
stage2,gate_beta_0.50__dtau_0.0__single,beir_nfcorpus_doc_level,Edge-RAG,v7,"Gate beta=0.50 (d_tau=0.0, single)","beta=0.5, delta_tau=0.0, gate=single",323,69.97,73.99,76.78,78.64,4.95,4.95,4.95,5.26,15.63,18.47,20.16,22.72,23.28,16.78,13.46,10.27,0.5343,28.19,28.38,32.99,0.0,0.0,2.76,427.89,0.0
stage2,gate_beta_0.65__dtau_0.0__single,beir_nfcorpus_doc_level,Edge-RAG,v7,"Gate beta=0.65 (d_tau=0.0, single)","beta=0.65, delta_tau=0.0, gate=single",323,70.59,74.61,76.47,78.64,4.95,4.95,4.95,5.26,15.74,18.5,20.02,22.54,23.31,16.83,13.45,10.24,0.5417,29.72,29.82,36.25,0.0,0.0,2.76,693.23,0.0
stage2,gate_beta_1.00__dtau_0.0__single,beir_nfcorpus_doc_level,Edge-RAG,v7,"Gate beta=1.00 (d_tau=0.0, single)","beta=1.0, delta_tau=0.0, gate=single",323,69.97,74.92,76.78,78.33,4.33,4.95,4.95,5.26,15.07,18.51,19.94,22.31,23.13,16.75,13.36,10.17,0.5387,24.03,24.24,36.73,0.0,0.0,2.76,2040.08,0.0
stage2,gate_variant_single__dtau_0.0__beta_1.0,beir_nfcorpus_doc_level,Edge-RAG,v7,Gate Variant: single,"gate_variant=single, delta_tau=0.0, beta=1.0",323,69.97,74.92,76.78,78.33,4.33,4.95,4.95,5.26,15.07,18.51,19.94,22.31,23.13,16.75,13.36,10.17,0.5387,24.11,24.18,36.33,0.0,0.0,2.76,2040.08,0.0
stage2,gate_variant_two_gate__dtau_0.0__beta_1.0,beir_nfcorpus_doc_level,Edge-RAG,v7,Gate Variant: two_gate,"gate_variant=two_gate, delta_tau=0.0, beta=1.0",323,69.97,74.92,76.78,78.33,4.33,4.95,4.95,5.26,15.08,18.52,19.94,22.25,23.16,16.76,13.36,10.15,0.5387,35.46,35.24,46.26,0.0,0.0,2.76,1818.54,0.0
stage2,gate_variant_soft_reweight__dtau_0.0__beta_1.0,beir_nfcorpus_doc_level,Edge-RAG,v7,Gate Variant: soft_reweight,"gate_variant=soft_reweight, delta_tau=0.0, beta=1.0",323,70.59,74.92,76.78,78.33,4.64,4.95,4.95,5.26,15.45,18.53,19.93,22.34,23.28,16.78,13.36,10.19,0.541,36.46,36.45,49.91,0.0,0.0,2.76,2040.08,0.0
stage2,gate_dtau_-0.25__beta_1.0__single,beir_fiqa_doc_level,Edge-RAG,v7,"Gate d_tau=-0.25 (beta=1.0, single)","delta_tau=-0.25, beta=1.0, gate=single",500,45.2,55.6,60.0,66.6,16.2,23.4,25.6,29.2,28.43,37.6,40.98,46.65,6.06,4.01,2.99,2.11,0.2555,53.78,54.19,70.65,0.0,0.0,7.69,12610.56,0.0
stage2,gate_dtau_-0.20__beta_1.0__single,beir_fiqa_doc_level,Edge-RAG,v7,"Gate d_tau=-0.20 (beta=1.0, single)","delta_tau=-0.2, beta=1.0, gate=single",500,45.2,55.6,60.0,66.6,16.2,23.4,25.6,29.2,28.43,37.6,40.98,46.65,6.06,4.01,2.99,2.11,0.2555,50.26,50.64,66.65,0.0,0.0,7.69,10969.21,0.0
stage2,gate_dtau_-0.15__beta_1.0__single,beir_fiqa_doc_level,Edge-RAG,v7,"Gate d_tau=-0.15 (beta=1.0, single)","delta_tau=-0.15, beta=1.0, gate=single",500,45.2,55.6,60.0,66.6,16.2,23.4,25.6,29.2,28.43,37.6,40.98,46.65,6.06,4.01,2.99,2.11,0.2555,45.68,45.79,59.3,0.0,0.0,7.69,8952.89,0.0
stage2,gate_dtau_-0.10__beta_1.0__single,beir_fiqa_doc_level,Edge-RAG,v7,"Gate d_tau=-0.10 (beta=1.0, single)","delta_tau=-0.1, beta=1.0, gate=single",500,45.2,55.6,60.0,66.6,16.2,23.4,25.6,29.2,28.43,37.6,40.98,46.65,6.06,4.01,2.99,2.11,0.2545,39.54,39.78,50.93,0.0,0.0,7.69,6679.39,0.0
stage2,gate_dtau_-0.05__beta_1.0__single,beir_fiqa_doc_level,Edge-RAG,v7,"Gate d_tau=-0.05 (beta=1.0, single)","delta_tau=-0.05, beta=1.0, gate=single",500,45.2,55.6,60.0,66.6,16.2,23.4,25.6,29.2,28.43,37.6,40.98,46.65,6.06,4.01,2.99,2.11,0.2545,33.12,33.25,41.94,0.0,0.0,7.69,4460.24,0.0
stage2,gate_dtau_+0.00__beta_1.0__single,beir_fiqa_doc_level,Edge-RAG,v7,"Gate d_tau=+0.00 (beta=1.0, single)","delta_tau=0.0, beta=1.0, gate=single",500,45.2,55.6,60.0,66.4,16.2,23.4,25.6,29.2,28.46,37.6,40.98,46.55,6.08,4.01,2.99,2.11,0.2558,27.99,27.9,34.57,0.0,0.0,7.69,2729.9,0.0
stage2,gate_dtau_+0.05__beta_1.0__single,beir_fiqa_doc_level,Edge-RAG,v7,"Gate d_tau=+0.05 (beta=1.0, single)","delta_tau=0.05, beta=1.0, gate=single",500,45.2,55.6,60.0,66.6,16.2,23.6,25.6,29.2,28.46,37.7,40.98,46.65,6.08,4.01,2.99,2.11,0.2551,23.96,24.07,29.46,0.0,0.0,7.69,1645.31,0.0
stage2,gate_dtau_+0.10__beta_1.0__single,beir_fiqa_doc_level,Edge-RAG,v7,"Gate d_tau=+0.10 (beta=1.0, single)","delta_tau=0.1, beta=1.0, gate=single",500,45.2,56.0,60.0,66.8,16.2,23.6,25.6,29.2,28.46,37.84,41.08,46.79,6.08,4.03,3.0,2.12,0.2563,21.65,21.7,26.37,0.0,0.0,7.69,1029.58,0.0
stage2,gate_dtau_+0.15__beta_1.0__single,beir_fiqa_doc_level,Edge-RAG,v7,"Gate d_tau=+0.15 (beta=1.0, single)","delta_tau=0.15, beta=1.0, gate=single",500,45.6,56.2,60.0,66.8,16.4,23.6,25.6,29.4,28.76,37.94,41.13,46.86,6.12,4.04,3.01,2.12,0.2564,20.16,20.26,24.36,0.0,0.0,7.69,673.24,0.05
stage2,gate_dtau_+0.20__beta_1.0__single,beir_fiqa_doc_level,Edge-RAG,v7,"Gate d_tau=+0.20 (beta=1.0, single)","delta_tau=0.2, beta=1.0, gate=single",500,45.6,56.4,60.0,66.6,16.4,23.6,25.6,29.2,28.76,38.01,41.13,46.68,6.12,4.05,3.01,2.12,0.2565,19.22,19.31,23.63,0.0,0.0,7.69,456.05,0.25
stage2,gate_dtau_+0.25__beta_1.0__single,beir_fiqa_doc_level,Edge-RAG,v7,"Gate d_tau=+0.25 (beta=1.0, single)","delta_tau=0.25, beta=1.0, gate=single",500,45.2,55.6,59.8,66.4,16.2,23.2,25.4,29.2,28.57,37.58,40.89,46.53,6.14,4.04,3.0,2.11,0.2558,18.36,18.53,22.3,0.0,0.0,7.69,319.4,0.57
stage2,gate_beta_0.00__dtau_0.0__single,beir_fiqa_doc_level,Edge-RAG,v7,"Gate beta=0.00 (d_tau=0.0, single)","beta=0.0, delta_tau=0.0, gate=single",500,45.2,55.8,60.4,66.6,16.2,23.2,25.6,29.4,28.43,37.6,41.17,46.69,6.06,4.01,2.99,2.11,0.2563,29.1,29.27,32.6,0.0,0.0,7.69,134.53,0.04
stage2,gate_beta_0.50__dtau_0.0__single,beir_fiqa_doc_level,Edge-RAG,v7,"Gate beta=0.50 (d_tau=0.0, single)","beta=0.5, delta_tau=0.0, gate=single",500,45.2,56.2,60.4,66.4,16.2,23.6,25.6,29.2,28.46,38.0,41.18,46.49,6.08,4.04,3.0,2.11,0.256,29.75,29.85,32.79,0.0,0.0,7.69,176.85,0.01
stage2,gate_beta_0.65__dtau_0.0__single,beir_fiqa_doc_level,Edge-RAG,v7,"Gate beta=0.65 (d_tau=0.0, single)","beta=0.65, delta_tau=0.0, gate=single",500,45.4,56.0,60.0,66.4,16.4,23.6,25.6,29.2,28.66,37.9,41.01,46.52,6.1,4.03,2.99,2.11,0.2551,30.58,30.83,34.42,0.0,0.0,7.69,356.53,0.0
stage2,gate_beta_1.00__dtau_0.0__single,beir_fiqa_doc_level,Edge-RAG,v7,"Gate beta=1.00 (d_tau=0.0, single)","beta=1.0, delta_tau=0.0, gate=single",500,45.2,55.6,60.0,66.4,16.2,23.4,25.6,29.2,28.46,37.6,40.98,46.55,6.08,4.01,2.99,2.11,0.2558,27.98,27.91,34.86,0.0,0.0,7.69,2729.9,0.0
stage2,gate_variant_single__dtau_0.0__beta_1.0,beir_fiqa_doc_level,Edge-RAG,v7,Gate Variant: single,"gate_variant=single, delta_tau=0.0, beta=1.0",500,45.2,55.6,60.0,66.4,16.2,23.4,25.6,29.2,28.46,37.6,40.98,46.55,6.08,4.01,2.99,2.11,0.2558,27.56,27.87,34.57,0.0,0.0,7.69,2729.9,0.0
stage2,gate_variant_two_gate__dtau_0.0__beta_1.0,beir_fiqa_doc_level,Edge-RAG,v7,Gate Variant: two_gate,"gate_variant=two_gate, delta_tau=0.0, beta=1.0",500,45.2,55.8,60.0,66.4,16.2,23.6,25.6,29.2,28.46,37.8,40.98,46.55,6.08,4.02,2.99,2.11,0.2558,36.24,36.42,42.22,0.0,0.0,7.69,1788.16,0.0
stage2,gate_variant_soft_reweight__dtau_0.0__beta_1.0,beir_fiqa_doc_level,Edge-RAG,v7,Gate Variant: soft_reweight,"gate_variant=soft_reweight, delta_tau=0.0, beta=1.0",500,45.2,55.6,60.0,66.4,16.2,23.4,25.6,29.2,28.46,37.6,40.98,46.55,6.08,4.01,2.99,2.11,0.2558,40.43,40.43,47.52,0.0,0.0,7.69,2729.9,0.0
stage2,gate_dtau_-0.25__beta_1.0__single,multihop_rag_doc_level,Edge-RAG,v7,"Gate d_tau=-0.25 (beta=1.0, single)","delta_tau=-0.25, beta=1.0, gate=single",248,98.92,99.46,99.46,100.0,63.44,84.95,90.32,95.7,84.5,93.91,96.01,98.43,21.56,12.15,8.3,5.12,0.8286,142.59,147.97,198.86,0.0,0.0,27.85,54257.81,0.0
stage2,gate_dtau_-0.20__beta_1.0__single,multihop_rag_doc_level,Edge-RAG,v7,"Gate d_tau=-0.20 (beta=1.0, single)","delta_tau=-0.2, beta=1.0, gate=single",248,98.92,99.46,99.46,100.0,63.44,84.95,90.32,95.7,84.5,93.91,96.01,98.43,21.56,12.15,8.3,5.12,0.8286,133.83,137.28,185.79,0.0,0.0,27.85,49391.26,0.0
stage2,gate_dtau_-0.15__beta_1.0__single,multihop_rag_doc_level,Edge-RAG,v7,"Gate d_tau=-0.15 (beta=1.0, single)","delta_tau=-0.15, beta=1.0, gate=single",248,98.92,99.46,99.46,100.0,63.44,84.95,90.32,95.7,84.5,93.91,96.01,98.43,21.56,12.15,8.3,5.12,0.8286,118.77,122.58,162.93,0.0,0.0,27.85,42248.44,0.0
stage2,gate_dtau_-0.10__beta_1.0__single,multihop_rag_doc_level,Edge-RAG,v7,"Gate d_tau=-0.10 (beta=1.0, single)","delta_tau=-0.1, beta=1.0, gate=single",248,98.92,99.46,99.46,100.0,63.44,84.95,90.32,95.7,84.5,93.91,96.01,98.43,21.56,12.15,8.3,5.12,0.8286,98.42,99.57,128.41,0.0,0.0,27.85,32563.22,0.0
stage2,gate_dtau_-0.05__beta_1.0__single,multihop_rag_doc_level,Edge-RAG,v7,"Gate d_tau=-0.05 (beta=1.0, single)","delta_tau=-0.05, beta=1.0, gate=single",248,98.92,99.46,99.46,100.0,63.44,84.95,90.32,95.7,84.5,93.91,96.01,98.43,21.56,12.15,8.3,5.12,0.8276,74.66,75.15,97.28,0.0,0.0,27.85,21949.91,0.0
stage2,gate_dtau_+0.00__beta_1.0__single,multihop_rag_doc_level,Edge-RAG,v7,"Gate d_tau=+0.00 (beta=1.0, single)","delta_tau=0.0, beta=1.0, gate=single",248,98.92,99.46,99.46,100.0,63.44,84.95,90.32,95.7,84.5,93.91,96.01,98.43,21.56,12.15,8.3,5.12,0.8276,56.02,56.28,70.77,0.0,0.0,27.85,13567.78,0.0
stage2,gate_dtau_+0.05__beta_1.0__single,multihop_rag_doc_level,Edge-RAG,v7,"Gate d_tau=+0.05 (beta=1.0, single)","delta_tau=0.05, beta=1.0, gate=single",248,98.92,99.46,99.46,100.0,63.44,84.95,90.32,95.7,84.5,93.91,96.01,98.43,21.56,12.15,8.3,5.12,0.8302,43.17,43.33,53.03,0.0,0.0,27.85,8590.66,0.0
stage2,gate_dtau_+0.10__beta_1.0__single,multihop_rag_doc_level,Edge-RAG,v7,"Gate d_tau=+0.10 (beta=1.0, single)","delta_tau=0.1, beta=1.0, gate=single",248,98.92,99.46,99.46,100.0,63.44,84.41,89.25,95.7,84.5,93.73,95.47,98.43,21.56,12.12,8.26,5.12,0.8297,35.97,36.37,44.34,0.0,0.0,27.85,5885.6,0.03
stage2,gate_dtau_+0.15__beta_1.0__single,multihop_rag_doc_level,Edge-RAG,v7,"Gate d_tau=+0.15 (beta=1.0, single)","delta_tau=0.15, beta=1.0, gate=single",248,98.92,99.46,99.46,100.0,63.44,83.87,89.25,95.7,84.63,93.55,95.47,98.43,21.61,12.1,8.26,5.12,0.8245,31.76,32.32,39.29,0.0,0.0,27.85,4372.88,0.37
stage2,gate_dtau_+0.20__beta_1.0__single,multihop_rag_doc_level,Edge-RAG,v7,"Gate d_tau=+0.20 (beta=1.0, single)","delta_tau=0.2, beta=1.0, gate=single",248,98.92,99.46,99.46,100.0,61.83,82.8,89.78,95.7,84.01,93.28,95.88,98.43,21.45,12.07,8.3,5.12,0.8217,29.21,29.57,36.42,0.0,0.0,27.85,3467.63,1.13
stage2,gate_dtau_+0.25__beta_1.0__single,multihop_rag_doc_level,Edge-RAG,v7,"Gate d_tau=+0.25 (beta=1.0, single)","delta_tau=0.25, beta=1.0, gate=single",248,98.92,99.46,99.46,99.46,62.9,84.41,89.25,95.16,84.36,93.73,95.47,97.98,21.56,12.12,8.26,5.1,0.822,26.88,27.58,33.83,0.0,0.0,27.85,2874.1,2.74
stage2,gate_beta_0.00__dtau_0.0__single,multihop_rag_doc_level,Edge-RAG,v7,"Gate beta=0.00 (d_tau=0.0, single)","beta=0.0, delta_tau=0.0, gate=single",248,98.92,99.46,99.46,100.0,61.29,83.87,89.25,94.09,83.2,93.59,95.7,97.85,21.18,12.1,8.26,5.09,0.808,31.16,31.34,33.83,0.0,0.0,27.85,119.7,2.02
stage2,gate_beta_0.50__dtau_0.0__single,multihop_rag_doc_level,Edge-RAG,v7,"Gate beta=0.50 (d_tau=0.0, single)","beta=0.5, delta_tau=0.0, gate=single",248,98.92,99.46,99.46,100.0,61.83,83.87,89.78,95.16,84.01,93.55,96.06,98.25,21.45,12.1,8.3,5.11,0.8309,32.82,32.9,35.44,0.0,0.0,27.85,405.23,0.17
stage2,gate_beta_0.65__dtau_0.0__single,multihop_rag_doc_level,Edge-RAG,v7,"Gate beta=0.65 (d_tau=0.0, single)","beta=0.65, delta_tau=0.0, gate=single",248,98.92,99.46,99.46,100.0,63.44,84.41,90.32,95.7,84.5,93.73,96.01,98.43,21.56,12.12,8.3,5.12,0.8329,36.26,36.28,40.33,0.0,0.0,27.85,1276.39,0.0
stage2,gate_beta_1.00__dtau_0.0__single,multihop_rag_doc_level,Edge-RAG,v7,"Gate beta=1.00 (d_tau=0.0, single)","beta=1.0, delta_tau=0.0, gate=single",248,98.92,99.46,99.46,100.0,63.44,84.95,90.32,95.7,84.5,93.91,96.01,98.43,21.56,12.15,8.3,5.12,0.8276,54.52,55.31,68.68,0.0,0.0,27.85,13567.78,0.0
stage2,gate_variant_single__dtau_0.0__beta_1.0,multihop_rag_doc_level,Edge-RAG,v7,Gate Variant: single,"gate_variant=single, delta_tau=0.0, beta=1.0",248,98.92,99.46,99.46,100.0,63.44,84.95,90.32,95.7,84.5,93.91,96.01,98.43,21.56,12.15,8.3,5.12,0.8276,55.47,55.36,68.73,0.0,0.0,27.85,13567.78,0.0
stage2,gate_variant_two_gate__dtau_0.0__beta_1.0,multihop_rag_doc_level,Edge-RAG,v7,Gate Variant: two_gate,"gate_variant=two_gate, delta_tau=0.0, beta=1.0",248,98.92,99.46,99.46,100.0,63.44,84.95,90.32,95.7,84.5,93.91,96.01,98.43,21.56,12.15,8.3,5.12,0.8302,51.95,52.14,62.59,0.0,0.0,27.85,7422.03,0.0
stage2,gate_variant_soft_reweight__dtau_0.0__beta_1.0,multihop_rag_doc_level,Edge-RAG,v7,Gate Variant: soft_reweight,"gate_variant=soft_reweight, delta_tau=0.0, beta=1.0",248,98.92,99.46,99.46,100.0,63.44,84.95,90.32,95.7,84.5,93.91,96.01,98.43,21.56,12.15,8.3,5.12,0.8275,69.45,70.24,84.89,0.0,0.0,27.85,13567.78,0.0
stage2,gate_dtau_-0.25__beta_1.0__single,financebench_doc_level,Edge-RAG,v7,"Gate d_tau=-0.25 (beta=1.0, single)","delta_tau=-0.25, beta=1.0, gate=single",150,54.0,62.67,70.67,74.67,49.33,57.33,64.0,67.33,51.44,59.78,67.11,71.0,6.27,3.67,2.71,1.75,0.312,99.79,111.32,188.35,0.0,0.0,16.58,38962.18,0.0
stage2,gate_dtau_-0.20__beta_1.0__single,financebench_doc_level,Edge-RAG,v7,"Gate d_tau=-0.20 (beta=1.0, single)","delta_tau=-0.2, beta=1.0, gate=single",150,54.0,62.67,70.67,74.67,49.33,57.33,64.0,67.33,51.44,59.78,67.11,71.0,6.27,3.67,2.71,1.75,0.3114,97.38,108.72,180.82,0.0,0.0,16.58,37881.09,0.0
stage2,gate_dtau_-0.15__beta_1.0__single,financebench_doc_level,Edge-RAG,v7,"Gate d_tau=-0.15 (beta=1.0, single)","delta_tau=-0.15, beta=1.0, gate=single",150,54.0,62.67,70.67,74.67,49.33,57.33,64.0,67.33,51.44,59.78,67.11,71.0,6.27,3.67,2.71,1.75,0.3126,93.22,105.41,175.44,0.0,0.0,16.58,36127.83,0.0
stage2,gate_dtau_-0.10__beta_1.0__single,financebench_doc_level,Edge-RAG,v7,"Gate d_tau=-0.10 (beta=1.0, single)","delta_tau=-0.1, beta=1.0, gate=single",150,54.0,62.67,70.67,74.67,49.33,57.33,64.0,67.33,51.44,59.78,67.11,71.0,6.27,3.67,2.71,1.75,0.3131,89.15,99.43,166.71,0.0,0.0,16.58,33073.85,0.0
stage2,gate_dtau_-0.05__beta_1.0__single,financebench_doc_level,Edge-RAG,v7,"Gate d_tau=-0.05 (beta=1.0, single)","delta_tau=-0.05, beta=1.0, gate=single",150,54.0,62.67,70.67,74.67,49.33,57.33,64.0,67.33,51.44,59.78,67.11,71.0,6.27,3.67,2.71,1.75,0.3126,76.62,86.92,143.95,0.0,0.0,16.58,27120.62,0.0
stage2,gate_dtau_+0.00__beta_1.0__single,financebench_doc_level,Edge-RAG,v7,"Gate d_tau=+0.00 (beta=1.0, single)","delta_tau=0.0, beta=1.0, gate=single",150,54.0,62.67,70.67,74.67,49.33,57.33,64.0,67.33,51.44,59.78,67.11,71.0,6.27,3.67,2.71,1.75,0.313,60.31,66.23,104.36,0.0,0.0,16.58,18134.34,0.0
stage2,gate_dtau_+0.05__beta_1.0__single,financebench_doc_level,Edge-RAG,v7,"Gate d_tau=+0.05 (beta=1.0, single)","delta_tau=0.05, beta=1.0, gate=single",150,54.0,62.67,70.67,74.67,49.33,57.33,64.0,67.33,51.44,59.78,67.11,71.0,6.27,3.67,2.71,1.75,0.3152,45.74,49.31,76.44,0.0,0.0,16.58,10869.41,0.0
stage2,gate_dtau_+0.10__beta_1.0__single,financebench_doc_level,Edge-RAG,v7,"Gate d_tau=+0.10 (beta=1.0, single)","delta_tau=0.1, beta=1.0, gate=single",150,54.0,62.67,70.0,74.67,49.33,57.33,63.33,67.33,51.44,59.78,66.44,71.0,6.27,3.67,2.69,1.75,0.3112,38.67,40.11,57.74,0.0,0.0,16.58,6984.63,0.0
stage2,gate_dtau_+0.15__beta_1.0__single,financebench_doc_level,Edge-RAG,v7,"Gate d_tau=+0.15 (beta=1.0, single)","delta_tau=0.15, beta=1.0, gate=single",150,54.67,65.33,72.0,76.0,50.0,58.67,64.67,69.33,52.11,61.78,68.11,72.67,6.33,3.77,2.76,1.79,0.3094,33.57,34.5,49.4,0.0,0.0,16.58,4787.34,0.16
stage2,gate_dtau_+0.20__beta_1.0__single,financebench_doc_level,Edge-RAG,v7,"Gate d_tau=+0.20 (beta=1.0, single)","delta_tau=0.2, beta=1.0, gate=single",150,56.0,64.67,72.67,76.67,50.67,58.67,66.0,70.0,53.11,61.44,69.11,73.33,6.47,3.77,2.82,1.81,0.3152,30.15,30.71,42.63,0.0,0.0,16.58,3427.83,1.17
stage2,gate_dtau_+0.25__beta_1.0__single,financebench_doc_level,Edge-RAG,v7,"Gate d_tau=+0.25 (beta=1.0, single)","delta_tau=0.25, beta=1.0, gate=single",150,56.0,65.33,73.33,76.0,50.67,60.0,66.67,69.33,53.11,62.44,69.78,72.67,6.53,3.87,2.84,1.8,0.3417,27.16,27.78,37.59,0.0,0.0,16.58,2510.33,2.95
stage2,gate_beta_0.00__dtau_0.0__single,financebench_doc_level,Edge-RAG,v7,"Gate beta=0.00 (d_tau=0.0, single)","beta=0.0, delta_tau=0.0, gate=single",150,56.67,65.33,72.67,78.0,51.33,60.0,66.0,71.33,53.78,62.44,69.11,74.67,6.47,3.8,2.8,1.84,0.3304,30.69,31.62,36.68,0.0,0.0,16.58,704.13,0.01
stage2,gate_beta_0.50__dtau_0.0__single,financebench_doc_level,Edge-RAG,v7,"Gate beta=0.50 (d_tau=0.0, single)","beta=0.5, delta_tau=0.0, gate=single",150,54.67,64.0,70.67,75.33,49.33,58.67,64.0,68.0,51.78,61.11,67.11,71.67,6.33,3.73,2.71,1.76,0.3217,34.35,36.79,49.97,0.0,0.0,16.58,2110.67,0.0
stage2,gate_beta_0.65__dtau_0.0__single,financebench_doc_level,Edge-RAG,v7,"Gate beta=0.65 (d_tau=0.0, single)","beta=0.65, delta_tau=0.0, gate=single",150,54.0,63.33,70.67,74.67,49.33,58.0,64.0,67.33,51.44,60.44,67.11,71.0,6.27,3.7,2.71,1.75,0.3197,41.43,44.59,63.11,0.0,0.0,16.58,4581.67,0.0
stage2,gate_beta_1.00__dtau_0.0__single,financebench_doc_level,Edge-RAG,v7,"Gate beta=1.00 (d_tau=0.0, single)","beta=1.0, delta_tau=0.0, gate=single",150,54.0,62.67,70.67,74.67,49.33,57.33,64.0,67.33,51.44,59.78,67.11,71.0,6.27,3.67,2.71,1.75,0.313,61.68,66.49,104.51,0.0,0.0,16.58,18134.34,0.0
stage2,gate_variant_single__dtau_0.0__beta_1.0,financebench_doc_level,Edge-RAG,v7,Gate Variant: single,"gate_variant=single, delta_tau=0.0, beta=1.0",150,54.0,62.67,70.67,74.67,49.33,57.33,64.0,67.33,51.44,59.78,67.11,71.0,6.27,3.67,2.71,1.75,0.313,60.37,68.35,104.35,0.0,0.0,16.58,18134.34,0.0
stage2,gate_variant_two_gate__dtau_0.0__beta_1.0,financebench_doc_level,Edge-RAG,v7,Gate Variant: two_gate,"gate_variant=two_gate, delta_tau=0.0, beta=1.0",150,54.0,62.67,70.67,74.67,49.33,57.33,64.0,67.33,51.44,59.78,67.11,71.0,6.27,3.67,2.71,1.75,0.313,60.35,68.42,110.48,0.0,0.0,16.58,13967.38,0.0
stage2,gate_variant_soft_reweight__dtau_0.0__beta_1.0,financebench_doc_level,Edge-RAG,v7,Gate Variant: soft_reweight,"gate_variant=soft_reweight, delta_tau=0.0, beta=1.0",150,54.0,62.67,70.67,74.67,49.33,57.33,64.0,67.33,51.44,59.78,67.11,71.0,6.27,3.67,2.71,1.75,0.3125,73.53,81.11,123.92,0.0,0.0,16.58,18134.34,0.0
stage2,gate_dtau_-0.25__beta_1.0__single,bright_economics_doc_level,Edge-RAG,v7,"Gate d_tau=-0.25 (beta=1.0, single)","delta_tau=-0.25, beta=1.0, gate=single",103,20.39,28.16,30.1,40.78,8.74,12.62,12.62,14.56,11.84,16.75,18.04,24.1,3.4,2.96,2.52,2.23,0.0598,264.48,294.21,526.69,0.0,0.0,55.19,119133.65,0.0
stage2,gate_dtau_-0.20__beta_1.0__single,bright_economics_doc_level,Edge-RAG,v7,"Gate d_tau=-0.20 (beta=1.0, single)","delta_tau=-0.2, beta=1.0, gate=single",103,20.39,28.16,30.1,40.78,8.74,12.62,12.62,14.56,11.84,16.75,18.04,24.1,3.4,2.96,2.52,2.23,0.0598,244.41,269.79,475.28,0.0,0.0,55.19,105991.46,0.0
stage2,gate_dtau_-0.15__beta_1.0__single,bright_economics_doc_level,Edge-RAG,v7,"Gate d_tau=-0.15 (beta=1.0, single)","delta_tau=-0.15, beta=1.0, gate=single",103,20.39,28.16,30.1,40.78,8.74,12.62,12.62,14.56,11.84,16.75,18.04,24.1,3.4,2.96,2.52,2.23,0.0598,204.13,228.23,409.27,0.0,0.0,55.19,86356.45,0.0
stage2,gate_dtau_-0.10__beta_1.0__single,bright_economics_doc_level,Edge-RAG,v7,"Gate d_tau=-0.10 (beta=1.0, single)","delta_tau=-0.1, beta=1.0, gate=single",103,20.39,28.16,30.1,40.78,8.74,12.62,12.62,14.56,11.84,16.75,18.04,24.1,3.4,2.96,2.52,2.23,0.0602,154.53,173.2,303.86,0.0,0.0,55.19,60843.39,0.0
stage2,gate_dtau_-0.05__beta_1.0__single,bright_economics_doc_level,Edge-RAG,v7,"Gate d_tau=-0.05 (beta=1.0, single)","delta_tau=-0.05, beta=1.0, gate=single",103,20.39,28.16,30.1,40.78,8.74,12.62,12.62,14.56,11.84,16.75,18.2,24.1,3.4,2.96,2.56,2.23,0.0602,103.33,115.75,199.73,0.0,0.0,55.19,34865.0,0.0
stage2,gate_dtau_+0.00__beta_1.0__single,bright_economics_doc_level,Edge-RAG,v7,"Gate d_tau=+0.00 (beta=1.0, single)","delta_tau=0.0, beta=1.0, gate=single",103,20.39,28.16,30.1,40.78,8.74,12.62,12.62,14.56,11.84,16.75,18.2,24.1,3.4,2.96,2.56,2.23,0.0603,69.29,76.35,118.53,0.0,0.0,55.19,16399.77,0.0
stage2,gate_dtau_+0.05__beta_1.0__single,bright_economics_doc_level,Edge-RAG,v7,"Gate d_tau=+0.05 (beta=1.0, single)","delta_tau=0.05, beta=1.0, gate=single",103,20.39,28.16,30.1,40.78,8.74,12.62,12.62,14.56,11.76,16.75,18.53,24.2,3.3,2.96,2.59,2.23,0.0602,51.38,55.57,82.46,0.0,0.0,55.19,7065.64,0.0
stage2,gate_dtau_+0.10__beta_1.0__single,bright_economics_doc_level,Edge-RAG,v7,"Gate d_tau=+0.10 (beta=1.0, single)","delta_tau=0.1, beta=1.0, gate=single",103,20.39,28.16,31.07,39.81,8.74,12.62,12.62,14.56,11.76,16.83,19.01,23.95,3.3,3.01,2.62,2.21,0.0591,42.17,47.93,64.0,0.0,0.0,55.19,3046.0,0.14
stage2,gate_dtau_+0.15__beta_1.0__single,bright_economics_doc_level,Edge-RAG,v7,"Gate d_tau=+0.15 (beta=1.0, single)","delta_tau=0.15, beta=1.0, gate=single",103,21.36,29.13,31.07,39.81,8.74,12.62,12.62,14.56,11.4,17.14,19.03,23.95,3.2,3.01,2.65,2.21,0.0603,38.16,39.98,57.75,0.0,0.0,55.19,1349.32,1.59
stage2,gate_dtau_+0.20__beta_1.0__single,bright_economics_doc_level,Edge-RAG,v7,"Gate d_tau=+0.20 (beta=1.0, single)","delta_tau=0.2, beta=1.0, gate=single",103,23.3,29.13,32.04,42.72,9.71,11.65,13.59,14.56,12.41,16.75,20.0,24.76,3.4,2.91,2.72,2.33,0.0729,34.71,37.1,52.04,0.0,0.0,55.19,625.59,5.23
stage2,gate_dtau_+0.25__beta_1.0__single,bright_economics_doc_level,Edge-RAG,v7,"Gate d_tau=+0.25 (beta=1.0, single)","delta_tau=0.25, beta=1.0, gate=single",103,25.24,29.13,32.04,44.66,9.71,11.65,12.62,14.56,13.1,16.47,19.7,25.22,3.69,2.91,2.75,2.54,0.081,32.55,34.82,49.09,0.0,0.0,55.19,296.91,10.88
stage2,gate_beta_0.00__dtau_0.0__single,bright_economics_doc_level,Edge-RAG,v7,"Gate beta=0.00 (d_tau=0.0, single)","beta=0.0, delta_tau=0.0, gate=single",103,19.42,27.18,30.1,39.81,8.74,11.65,12.62,14.56,11.24,15.64,17.94,23.85,3.01,2.77,2.46,2.21,0.0586,48.77,51.17,72.4,0.0,0.0,55.19,1152.13,0.0
stage2,gate_beta_0.50__dtau_0.0__single,bright_economics_doc_level,Edge-RAG,v7,"Gate beta=0.50 (d_tau=0.0, single)","beta=0.5, delta_tau=0.0, gate=single",103,20.39,28.16,30.1,39.81,8.74,12.62,12.62,14.56,11.76,16.83,18.19,23.85,3.3,3.01,2.52,2.21,0.0603,50.36,51.88,75.67,0.0,0.0,55.19,954.86,0.5
stage2,gate_beta_0.65__dtau_0.0__single,bright_economics_doc_level,Edge-RAG,v7,"Gate beta=0.65 (d_tau=0.0, single)","beta=0.65, delta_tau=0.0, gate=single",103,20.39,28.16,30.1,39.81,8.74,12.62,12.62,14.56,11.76,16.83,18.2,23.95,3.3,3.01,2.56,2.21,0.0601,53.93,55.53,76.4,0.0,0.0,55.19,2019.42,0.03
stage2,gate_beta_1.00__dtau_0.0__single,bright_economics_doc_level,Edge-RAG,v7,"Gate beta=1.00 (d_tau=0.0, single)","beta=1.0, delta_tau=0.0, gate=single",103,20.39,28.16,30.1,40.78,8.74,12.62,12.62,14.56,11.84,16.75,18.2,24.1,3.4,2.96,2.56,2.23,0.0603,72.67,76.33,124.38,0.0,0.0,55.19,16399.77,0.0
stage2,gate_variant_single__dtau_0.0__beta_1.0,bright_economics_doc_level,Edge-RAG,v7,Gate Variant: single,"gate_variant=single, delta_tau=0.0, beta=1.0",103,20.39,28.16,30.1,40.78,8.74,12.62,12.62,14.56,11.84,16.75,18.2,24.1,3.4,2.96,2.56,2.23,0.0603,70.34,76.4,114.64,0.0,0.0,55.19,16399.77,0.0
stage2,gate_variant_two_gate__dtau_0.0__beta_1.0,bright_economics_doc_level,Edge-RAG,v7,Gate Variant: two_gate,"gate_variant=two_gate, delta_tau=0.0, beta=1.0",103,20.39,28.16,30.1,40.78,8.74,12.62,12.62,14.56,11.84,16.75,18.2,24.1,3.4,2.96,2.56,2.23,0.0599,72.25,76.33,116.55,0.0,0.0,55.19,10687.66,0.0
stage2,gate_variant_soft_reweight__dtau_0.0__beta_1.0,bright_economics_doc_level,Edge-RAG,v7,Gate Variant: soft_reweight,"gate_variant=soft_reweight, delta_tau=0.0, beta=1.0",103,20.39,28.16,30.1,40.78,8.74,12.62,12.62,14.56,11.84,16.75,18.2,24.1,3.4,2.96,2.56,2.23,0.0603,85.43,91.77,132.88,0.0,0.0,55.19,16399.77,0.0
stage2,gate_dtau_-0.25__beta_1.0__single,bright_stackoverflow_doc_level,Edge-RAG,v7,"Gate d_tau=-0.25 (beta=1.0, single)","delta_tau=-0.25, beta=1.0, gate=single",117,18.8,26.5,29.91,38.46,4.27,10.26,11.97,17.95,9.26,16.83,20.02,27.69,3.16,2.78,2.34,2.09,0.0813,337.13,385.93,778.35,0.0,0.0,67.49,153218.0,0.0
stage2,gate_dtau_-0.20__beta_1.0__single,bright_stackoverflow_doc_level,Edge-RAG,v7,"Gate d_tau=-0.20 (beta=1.0, single)","delta_tau=-0.2, beta=1.0, gate=single",117,18.8,26.5,29.91,38.46,4.27,10.26,11.97,17.95,9.26,16.85,20.02,27.72,3.16,2.82,2.34,2.09,0.0803,325.08,368.78,750.62,0.0,0.0,67.49,143210.92,0.0
stage2,gate_dtau_-0.15__beta_1.0__single,bright_stackoverflow_doc_level,Edge-RAG,v7,"Gate d_tau=-0.15 (beta=1.0, single)","delta_tau=-0.15, beta=1.0, gate=single",117,19.66,26.5,29.91,38.46,5.13,10.26,11.97,17.95,10.12,16.85,20.02,27.69,3.25,2.82,2.34,2.09,0.0832,295.27,337.62,694.52,0.0,0.0,67.49,127558.35,0.0
stage2,gate_dtau_-0.10__beta_1.0__single,bright_stackoverflow_doc_level,Edge-RAG,v7,"Gate d_tau=-0.10 (beta=1.0, single)","delta_tau=-0.1, beta=1.0, gate=single",117,19.66,26.5,29.91,38.46,5.13,10.26,11.97,17.95,10.12,16.85,20.02,27.68,3.25,2.82,2.34,2.07,0.0811,251.84,286.67,591.12,0.0,0.0,67.49,103245.46,0.0
stage2,gate_dtau_-0.05__beta_1.0__single,bright_stackoverflow_doc_level,Edge-RAG,v7,"Gate d_tau=-0.05 (beta=1.0, single)","delta_tau=-0.05, beta=1.0, gate=single",117,18.8,26.5,29.91,38.46,5.13,10.26,11.97,17.95,9.69,16.85,20.02,27.89,3.16,2.82,2.34,2.14,0.0818,183.0,211.43,423.39,0.0,0.0,67.49,69364.45,0.0
stage2,gate_dtau_+0.00__beta_1.0__single,bright_stackoverflow_doc_level,Edge-RAG,v7,"Gate d_tau=+0.00 (beta=1.0, single)","delta_tau=0.0, beta=1.0, gate=single",117,18.8,27.35,30.77,38.46,5.13,10.26,11.97,17.95,9.69,17.27,20.45,27.84,3.16,2.86,2.36,2.1,0.0798,125.52,136.63,248.97,0.0,0.0,67.49,36737.43,0.0
stage2,gate_dtau_+0.05__beta_1.0__single,bright_stackoverflow_doc_level,Edge-RAG,v7,"Gate d_tau=+0.05 (beta=1.0, single)","delta_tau=0.05, beta=1.0, gate=single",117,18.8,27.35,30.77,38.46,5.13,10.26,11.97,17.95,9.69,17.26,20.45,27.85,3.16,2.82,2.36,2.12,0.082,85.41,94.42,151.68,0.0,0.0,67.49,17483.97,0.0
stage2,gate_dtau_+0.10__beta_1.0__single,bright_stackoverflow_doc_level,Edge-RAG,v7,"Gate d_tau=+0.10 (beta=1.0, single)","delta_tau=0.1, beta=1.0, gate=single",117,19.66,27.35,30.77,39.32,5.13,11.11,12.82,18.8,9.9,17.93,21.01,28.47,3.33,2.99,2.45,2.17,0.0854,66.73,75.02,123.47,0.0,0.0,67.49,8681.15,0.09
stage2,gate_dtau_+0.15__beta_1.0__single,bright_stackoverflow_doc_level,Edge-RAG,v7,"Gate d_tau=+0.15 (beta=1.0, single)","delta_tau=0.15, beta=1.0, gate=single",117,19.66,28.21,32.48,41.03,5.13,11.11,12.82,18.8,9.9,18.19,21.35,29.59,3.33,3.08,2.51,2.36,0.0847,56.15,61.44,95.9,0.0,0.0,67.49,4494.69,3.9
stage2,gate_dtau_+0.20__beta_1.0__single,bright_stackoverflow_doc_level,Edge-RAG,v7,"Gate d_tau=+0.20 (beta=1.0, single)","delta_tau=0.2, beta=1.0, gate=single",117,19.66,28.21,34.19,39.32,5.13,11.11,12.82,17.95,10.12,18.17,21.5,28.76,3.5,3.03,2.56,2.34,0.085,50.08,54.89,88.01,0.0,0.0,67.49,2399.97,10.69
stage2,gate_dtau_+0.25__beta_1.0__single,bright_stackoverflow_doc_level,Edge-RAG,v7,"Gate d_tau=+0.25 (beta=1.0, single)","delta_tau=0.25, beta=1.0, gate=single",117,20.51,29.91,34.19,40.17,6.84,11.11,13.68,19.66,11.04,18.64,22.47,29.87,3.5,3.21,2.74,2.36,0.0907,46.33,51.21,79.59,0.0,0.0,67.49,1327.28,15.66
stage2,gate_beta_0.00__dtau_0.0__single,bright_stackoverflow_doc_level,Edge-RAG,v7,"Gate beta=0.00 (d_tau=0.0, single)","beta=0.0, delta_tau=0.0, gate=single",117,18.8,27.35,30.77,38.46,5.13,10.26,11.97,17.95,9.69,17.22,20.31,27.66,3.16,2.78,2.36,2.07,0.0787,60.96,66.94,103.23,0.0,0.0,67.49,3266.06,0.0
stage2,gate_beta_0.50__dtau_0.0__single,bright_stackoverflow_doc_level,Edge-RAG,v7,"Gate beta=0.50 (d_tau=0.0, single)","beta=0.5, delta_tau=0.0, gate=single",117,18.8,27.35,31.62,38.46,5.13,10.26,11.97,17.95,9.69,17.4,20.73,27.77,3.16,2.86,2.39,2.1,0.0806,67.81,73.13,116.58,0.0,0.0,67.49,4549.77,0.05
stage2,gate_beta_0.65__dtau_0.0__single,bright_stackoverflow_doc_level,Edge-RAG,v7,"Gate beta=0.65 (d_tau=0.0, single)","beta=0.65, delta_tau=0.0, gate=single",117,18.8,27.35,30.77,38.46,5.13,10.26,11.97,17.95,9.69,17.43,20.31,27.84,3.16,2.86,2.36,2.1,0.0799,74.76,83.13,130.09,0.0,0.0,67.49,8439.02,0.0
stage2,gate_beta_1.00__dtau_0.0__single,bright_stackoverflow_doc_level,Edge-RAG,v7,"Gate beta=1.00 (d_tau=0.0, single)","beta=1.0, delta_tau=0.0, gate=single",117,18.8,27.35,30.77,38.46,5.13,10.26,11.97,17.95,9.69,17.27,20.45,27.84,3.16,2.86,2.36,2.1,0.0798,126.51,135.07,247.21,0.0,0.0,67.49,36737.43,0.0
stage2,gate_variant_single__dtau_0.0__beta_1.0,bright_stackoverflow_doc_level,Edge-RAG,v7,Gate Variant: single,"gate_variant=single, delta_tau=0.0, beta=1.0",117,18.8,27.35,30.77,38.46,5.13,10.26,11.97,17.95,9.69,17.27,20.45,27.84,3.16,2.86,2.36,2.1,0.0798,124.14,135.22,250.76,0.0,0.0,67.49,36737.43,0.0
stage2,gate_variant_two_gate__dtau_0.0__beta_1.0,bright_stackoverflow_doc_level,Edge-RAG,v7,Gate Variant: two_gate,"gate_variant=two_gate, delta_tau=0.0, beta=1.0",117,18.8,27.35,30.77,38.46,5.13,10.26,11.97,17.95,9.69,17.27,20.45,27.85,3.16,2.86,2.36,2.12,0.0808,125.63,138.19,255.17,0.0,0.0,67.49,31404.56,0.0
stage2,gate_variant_soft_reweight__dtau_0.0__beta_1.0,bright_stackoverflow_doc_level,Edge-RAG,v7,Gate Variant: soft_reweight,"gate_variant=soft_reweight, delta_tau=0.0, beta=1.0",117,18.8,27.35,30.77,38.46,5.13,10.26,11.97,17.95,9.69,17.26,20.45,27.84,3.16,2.82,2.36,2.1,0.0815,139.83,153.88,281.25,0.0,0.0,67.49,36737.43,0.0
stage2,gate_dtau_-0.25__beta_1.0__single,bright_robotics_doc_level,Edge-RAG,v7,"Gate d_tau=-0.25 (beta=1.0, single)","delta_tau=-0.25, beta=1.0, gate=single",101,14.85,23.76,29.7,37.62,7.92,8.91,13.86,16.83,9.35,12.74,18.83,23.62,1.49,1.49,1.62,1.45,0.0433,383.83,531.1,1508.4,0.0,0.0,86.98,211041.65,0.0
stage2,gate_dtau_-0.20__beta_1.0__single,bright_robotics_doc_level,Edge-RAG,v7,"Gate d_tau=-0.20 (beta=1.0, single)","delta_tau=-0.2, beta=1.0, gate=single",101,14.85,23.76,29.7,37.62,7.92,8.91,13.86,16.83,9.35,12.74,18.83,23.62,1.49,1.49,1.62,1.45,0.0433,376.19,518.59,1466.12,0.0,0.0,86.98,202868.5,0.0
stage2,gate_dtau_-0.15__beta_1.0__single,bright_robotics_doc_level,Edge-RAG,v7,"Gate d_tau=-0.15 (beta=1.0, single)","delta_tau=-0.15, beta=1.0, gate=single",101,14.85,23.76,29.7,37.62,7.92,8.91,13.86,16.83,9.35,12.74,18.83,23.62,1.49,1.49,1.62,1.45,0.0433,351.23,484.58,1416.3,0.0,0.0,86.98,185968.2,0.0
stage2,gate_dtau_-0.10__beta_1.0__single,bright_robotics_doc_level,Edge-RAG,v7,"Gate d_tau=-0.10 (beta=1.0, single)","delta_tau=-0.1, beta=1.0, gate=single",101,14.85,23.76,29.7,37.62,7.92,8.91,13.86,16.83,9.35,12.74,18.83,23.62,1.49,1.49,1.62,1.45,0.0433,297.58,418.17,1185.4,0.0,0.0,86.98,153763.36,0.0
stage2,gate_dtau_-0.05__beta_1.0__single,bright_robotics_doc_level,Edge-RAG,v7,"Gate d_tau=-0.05 (beta=1.0, single)","delta_tau=-0.05, beta=1.0, gate=single",101,14.85,23.76,29.7,37.62,7.92,8.91,13.86,16.83,9.35,12.74,18.83,23.62,1.49,1.49,1.62,1.45,0.0433,226.06,302.53,805.2,0.0,0.0,86.98,102750.99,0.0
stage2,gate_dtau_+0.00__beta_1.0__single,bright_robotics_doc_level,Edge-RAG,v7,"Gate d_tau=+0.00 (beta=1.0, single)","delta_tau=0.0, beta=1.0, gate=single",101,14.85,23.76,29.7,37.62,7.92,8.91,13.86,16.83,9.35,12.74,18.83,23.62,1.49,1.49,1.62,1.45,0.0433,143.9,185.11,423.57,0.0,0.0,86.98,49926.7,0.0
stage2,gate_dtau_+0.05__beta_1.0__single,bright_robotics_doc_level,Edge-RAG,v7,"Gate d_tau=+0.05 (beta=1.0, single)","delta_tau=0.05, beta=1.0, gate=single",101,15.84,23.76,29.7,37.62,7.92,8.91,13.86,16.83,9.84,12.74,18.93,23.62,1.58,1.49,1.65,1.45,0.0444,96.18,115.45,232.05,0.0,0.0,86.98,19446.66,0.0
stage2,gate_dtau_+0.10__beta_1.0__single,bright_robotics_doc_level,Edge-RAG,v7,"Gate d_tau=+0.10 (beta=1.0, single)","delta_tau=0.1, beta=1.0, gate=single",101,15.84,23.76,29.7,37.62,7.92,8.91,14.85,16.83,9.84,12.85,19.64,23.62,1.58,1.44,1.75,1.45,0.0465,73.94,87.48,170.77,0.0,0.0,86.98,7447.36,0.06
stage2,gate_dtau_+0.15__beta_1.0__single,bright_robotics_doc_level,Edge-RAG,v7,"Gate d_tau=+0.15 (beta=1.0, single)","delta_tau=0.15, beta=1.0, gate=single",101,15.84,24.75,29.7,37.62,7.92,9.9,13.86,16.83,9.84,13.73,19.36,23.51,1.58,1.53,1.68,1.45,0.0511,63.38,75.84,153.58,0.0,0.0,86.98,3008.25,3.92
stage2,gate_dtau_+0.20__beta_1.0__single,bright_robotics_doc_level,Edge-RAG,v7,"Gate d_tau=+0.20 (beta=1.0, single)","delta_tau=0.2, beta=1.0, gate=single",101,15.84,25.74,31.68,37.62,7.92,9.9,14.85,16.83,9.84,14.0,19.92,23.99,1.58,1.58,1.78,1.5,0.0485,57.63,68.38,134.24,0.0,0.0,86.98,1251.02,16.19
stage2,gate_dtau_+0.25__beta_1.0__single,bright_robotics_doc_level,Edge-RAG,v7,"Gate d_tau=+0.25 (beta=1.0, single)","delta_tau=0.25, beta=1.0, gate=single",101,15.84,27.72,33.66,38.61,7.92,12.87,15.84,16.83,9.43,16.86,20.97,24.65,1.58,1.88,1.95,1.58,0.055,54.89,63.46,124.13,0.0,0.0,86.98,543.54,27.95
stage2,gate_beta_0.00__dtau_0.0__single,bright_robotics_doc_level,Edge-RAG,v7,"Gate beta=0.00 (d_tau=0.0, single)","beta=0.0, delta_tau=0.0, gate=single",101,14.85,23.76,29.7,37.62,7.92,8.91,12.87,16.83,9.35,12.66,18.6,23.68,1.49,1.44,1.65,1.47,0.0433,77.39,89.7,187.18,0.0,0.0,86.98,4972.71,0.0
stage2,gate_beta_0.50__dtau_0.0__single,bright_robotics_doc_level,Edge-RAG,v7,"Gate beta=0.50 (d_tau=0.0, single)","beta=0.5, delta_tau=0.0, gate=single",101,14.85,23.76,29.7,37.62,7.92,8.91,12.87,16.83,9.35,12.68,18.64,23.62,1.49,1.44,1.62,1.45,0.0433,80.58,95.95,200.75,0.0,0.0,86.98,6600.28,0.22
stage2,gate_beta_0.65__dtau_0.0__single,bright_robotics_doc_level,Edge-RAG,v7,"Gate beta=0.65 (d_tau=0.0, single)","beta=0.65, delta_tau=0.0, gate=single",101,14.85,23.76,29.7,37.62,7.92,8.91,13.86,16.83,9.35,12.74,18.83,23.62,1.49,1.49,1.62,1.45,0.045,91.44,110.06,227.87,0.0,0.0,86.98,11938.88,0.0
stage2,gate_beta_1.00__dtau_0.0__single,bright_robotics_doc_level,Edge-RAG,v7,"Gate beta=1.00 (d_tau=0.0, single)","beta=1.0, delta_tau=0.0, gate=single",101,14.85,23.76,29.7,37.62,7.92,8.91,13.86,16.83,9.35,12.74,18.83,23.62,1.49,1.49,1.62,1.45,0.0433,148.4,183.65,423.38,0.0,0.0,86.98,49926.7,0.0
stage2,gate_variant_single__dtau_0.0__beta_1.0,bright_robotics_doc_level,Edge-RAG,v7,Gate Variant: single,"gate_variant=single, delta_tau=0.0, beta=1.0",101,14.85,23.76,29.7,37.62,7.92,8.91,13.86,16.83,9.35,12.74,18.83,23.62,1.49,1.49,1.62,1.45,0.0433,146.85,187.52,477.62,0.0,0.0,86.98,49926.7,0.0
stage2,gate_variant_two_gate__dtau_0.0__beta_1.0,bright_robotics_doc_level,Edge-RAG,v7,Gate Variant: two_gate,"gate_variant=two_gate, delta_tau=0.0, beta=1.0",101,14.85,23.76,29.7,37.62,7.92,8.91,13.86,16.83,9.35,12.74,18.83,23.62,1.49,1.49,1.62,1.45,0.0433,143.64,182.07,401.38,0.0,0.0,86.98,42221.5,0.0
stage2,gate_variant_soft_reweight__dtau_0.0__beta_1.0,bright_robotics_doc_level,Edge-RAG,v7,Gate Variant: soft_reweight,"gate_variant=soft_reweight, delta_tau=0.0, beta=1.0",101,14.85,23.76,29.7,37.62,7.92,8.91,13.86,16.83,9.35,12.74,18.83,23.62,1.49,1.49,1.62,1.45,0.0433,162.33,202.48,465.44,0.0,0.0,86.98,49926.7,0.0
