dataset,category,model_family,config_label,p,display_name,params,num_queries,strict_10,strict_20,strict_30,strict_50,complete_10,complete_20,complete_30,complete_50,doc_rec_10,doc_rec_20,doc_rec_30,doc_rec_50,prec_10,prec_20,prec_30,prec_50,mrr_10,ndcg_10,latency_p50_ms,latency_mean_ms,latency_p95_ms,tti_s,vram_gb,avg_qaug_len,avg_anchors,avg_synonyms,avg_r_anchor
enterpriserag_doc_level,Baseline,BM25_Blank,bm25_blank,-,BM25 (Blank Baseline),"k1=1.2, b=0.75, whitespace",500,70.6,74.0,76.0,79.4,63.0,67.4,70.0,73.6,66.94,70.74,72.88,76.25,9.88,5.29,3.64,2.28,0.5794,0.5807,2.79,2.83,4.16,29.222,0.0,0.0,0.0,0.0,0.0
enterpriserag_doc_level,Baseline,BM25_Analyzed,bm25_analyzed,-,BM25 (Analyzed Baseline),"k1=1.2, b=0.75, kstem+wordnet",500,79.8,83.0,83.4,85.0,73.4,78.0,79.2,81.8,77.07,80.77,81.73,83.64,11.3,6.06,4.13,2.54,0.6773,0.6824,1.85,1.92,2.91,51.493,0.0,0.0,0.0,0.0,0.0
enterpriserag_doc_level,Baseline,Dense_BGE_Small,dense_bge_small,-,Dense (bge-small-en-v1.5),"dim=384, cosine, fp16",500,59.2,64.4,66.8,70.0,50.2,54.6,57.8,60.8,54.09,58.72,61.53,64.87,7.6,4.17,2.95,1.86,0.4493,0.4471,66.59,66.93,69.83,67.516,1.285,0.0,0.0,0.0,0.0
enterpriserag_doc_level,Baseline,SPLADE_v3,splade_v3,-,SPLADE-v3 (DistilBERT),"sparse neural, distilbert",500,73.6,76.6,78.8,81.8,63.6,67.6,70.2,74.0,68.47,72.24,74.76,78.27,9.68,5.22,3.62,2.29,0.6329,0.6173,94.42,95.75,101.93,507.898,4.794,0.0,0.0,0.0,0.0
enterpriserag_doc_level,Pipeline_V2,v7_current,v7_current,1.0,Edge-RAG V7 (GPU-Sparse Bailout),"p=1.0, tau=0.55, mu=0.50, bail_tau=0.80",500,79.8,81.8,83.2,85.0,73.2,77.0,78.8,81.8,76.85,79.69,81.39,83.7,11.38,6.04,4.13,2.56,0.682,0.687,13.87,14.37,17.45,65.99,0.386,0.0,0.0,0.0,0.0
liverag_doc_level,Baseline,BM25_Blank,bm25_blank,-,BM25 (Blank Baseline),"k1=1.2, b=0.75, whitespace",895,95.08,95.53,96.65,96.98,93.07,94.19,95.31,96.2,94.08,94.86,95.98,96.59,10.82,5.46,3.69,2.23,0.8807,0.8883,0.13,0.13,0.22,0.671,0.0,0.0,0.0,0.0,0.0
liverag_doc_level,Baseline,BM25_Analyzed,bm25_analyzed,-,BM25 (Analyzed Baseline),"k1=1.2, b=0.75, kstem+wordnet",895,97.54,98.44,98.66,98.99,96.87,97.99,98.32,98.66,97.21,98.21,98.49,98.83,11.21,5.66,3.78,2.28,0.9402,0.9428,0.15,0.15,0.24,1.744,0.0,0.0,0.0,0.0,0.0
liverag_doc_level,Baseline,Dense_BGE_Small,dense_bge_small,-,Dense (bge-small-en-v1.5),"dim=384, cosine, fp16",895,96.76,97.88,97.99,98.55,95.64,97.32,97.65,98.32,96.2,97.6,97.82,98.44,11.08,5.63,3.77,2.27,0.9025,0.9118,11.51,11.56,11.95,1.584,1.223,0.0,0.0,0.0,0.0
liverag_doc_level,Baseline,SPLADE_v3,splade_v3,-,SPLADE-v3 (DistilBERT),"sparse neural, distilbert",895,95.75,96.98,98.1,98.55,94.64,96.31,97.43,97.88,95.2,96.65,97.77,98.21,10.98,5.58,3.76,2.26,0.9107,0.9156,6.37,6.54,6.68,9.954,4.035,0.0,0.0,0.0,0.0
liverag_doc_level,Pipeline_V2,v7_current,v7_current,1.0,Edge-RAG V7 (GPU-Sparse Bailout),"p=1.0, tau=0.55, mu=0.50, bail_tau=0.80",895,98.1,98.55,98.88,99.22,97.43,98.21,98.66,98.99,97.77,98.38,98.77,99.11,11.26,5.67,3.8,2.29,0.9437,0.9473,8.98,8.96,10.32,6.457,0.383,0.0,0.0,0.0,0.0
beir_scifact_doc_level,Baseline,BM25_Blank,bm25_blank,-,BM25 (Blank Baseline),"k1=1.2, b=0.75, whitespace",300,69.67,76.0,77.67,79.0,67.0,73.0,75.33,76.33,68.37,74.68,76.68,77.75,7.63,4.17,2.87,1.75,0.5408,0.5723,0.21,0.23,0.45,0.714,0.0,0.0,0.0,0.0,0.0
beir_scifact_doc_level,Baseline,BM25_Analyzed,bm25_analyzed,-,BM25 (Analyzed Baseline),"k1=1.2, b=0.75, kstem+wordnet",300,80.33,84.67,86.67,88.0,77.67,81.0,83.33,85.67,79.0,82.77,85.04,87.02,8.63,4.57,3.16,1.97,0.627,0.6637,0.17,0.18,0.27,1.688,0.0,0.0,0.0,0.0,0.0
beir_scifact_doc_level,Baseline,Dense_BGE_Small,dense_bge_small,-,Dense (bge-small-en-v1.5),"dim=384, cosine, fp16",300,85.0,88.0,90.33,93.0,82.67,86.33,89.33,92.0,83.96,87.3,89.93,92.5,9.47,4.93,3.4,2.1,0.6825,0.7137,16.38,16.53,16.88,5.419,1.285,0.0,0.0,0.0,0.0
beir_scifact_doc_level,Baseline,SPLADE_v3,splade_v3,-,SPLADE-v3 (DistilBERT),"sparse neural, distilbert",300,82.33,85.67,86.67,88.67,79.33,82.67,84.0,87.33,80.89,84.29,85.52,88.2,9.1,4.75,3.22,2.01,0.6637,0.6923,10.25,10.56,10.78,40.192,4.042,0.0,0.0,0.0,0.0
beir_scifact_doc_level,Pipeline_V2,v7_current,v7_current,1.0,Edge-RAG V7 (GPU-Sparse Bailout),"p=1.0, tau=0.55, mu=0.50, bail_tau=0.80",300,82.33,85.67,87.0,89.0,79.0,82.33,84.67,87.33,80.61,84.26,85.96,88.42,8.9,4.72,3.22,2.01,0.6314,0.6691,8.54,8.59,10.05,6.4,0.38,0.0,0.0,0.0,0.0
beir_nfcorpus_doc_level,Baseline,BM25_Blank,bm25_blank,-,BM25 (Blank Baseline),"k1=1.2, b=0.75, whitespace",323,63.47,67.8,70.28,72.14,3.1,3.1,3.41,3.72,12.69,14.85,16.43,18.26,19.23,13.92,11.49,8.63,0.478,0.2706,0.28,0.22,0.36,0.577,0.0,0.0,0.0,0.0,0.0
beir_nfcorpus_doc_level,Baseline,BM25_Analyzed,bm25_analyzed,-,BM25 (Analyzed Baseline),"k1=1.2, b=0.75, kstem+wordnet",323,68.11,71.52,73.37,74.92,3.72,4.02,4.33,4.33,14.11,16.69,18.18,20.16,22.6,15.94,12.83,9.64,0.5171,0.3093,0.08,0.08,0.14,1.283,0.0,0.0,0.0,0.0,0.0
beir_nfcorpus_doc_level,Baseline,Dense_BGE_Small,dense_bge_small,-,Dense (bge-small-en-v1.5),"dim=384, cosine, fp16",323,69.35,75.23,77.09,79.57,4.02,4.64,4.95,5.57,16.2,20.04,22.15,25.48,25.76,19.01,15.44,11.8,0.5298,0.3431,14.52,14.56,14.94,4.177,1.285,0.0,0.0,0.0,0.0
beir_nfcorpus_doc_level,Baseline,SPLADE_v3,splade_v3,-,SPLADE-v3 (DistilBERT),"sparse neural, distilbert",323,72.76,76.78,78.02,78.64,4.95,5.57,5.57,5.57,16.74,19.82,21.25,23.71,25.45,18.42,14.73,11.23,0.5755,0.3539,7.34,7.7,7.77,30.521,4.042,0.0,0.0,0.0,0.0
beir_nfcorpus_doc_level,Pipeline_V2,v7_current,v7_current,1.0,Edge-RAG V7 (GPU-Sparse Bailout),"p=1.0, tau=0.55, mu=0.50, bail_tau=0.80",323,69.97,74.61,75.54,78.02,4.02,4.33,4.64,4.64,14.94,18.23,19.8,22.14,23.62,17.14,13.68,10.37,0.5274,0.3221,6.09,5.89,8.09,5.452,0.37,0.0,0.0,0.0,0.0
beir_fiqa_doc_level,Baseline,BM25_Blank,bm25_blank,-,BM25 (Blank Baseline),"k1=1.2, b=0.75, whitespace",500,33.4,42.0,46.0,51.8,11.2,14.6,16.0,20.4,20.37,25.7,28.47,33.85,4.3,2.78,2.13,1.52,0.198,0.1587,1.23,1.45,2.32,5.212,0.0,0.0,0.0,0.0,0.0
beir_fiqa_doc_level,Baseline,BM25_Analyzed,bm25_analyzed,-,BM25 (Analyzed Baseline),"k1=1.2, b=0.75, kstem+wordnet",500,47.4,56.4,60.4,64.0,17.8,23.4,25.4,28.8,30.34,37.78,41.11,45.28,6.54,4.19,3.08,2.07,0.2847,0.2366,0.76,0.78,1.16,10.061,0.0,0.0,0.0,0.0,0.0
beir_fiqa_doc_level,Baseline,Dense_BGE_Small,dense_bge_small,-,Dense (bge-small-en-v1.5),"dim=384, cosine, fp16",500,66.4,73.2,75.8,79.8,27.8,35.6,37.8,42.4,45.51,53.42,56.65,62.05,10.58,6.34,4.6,3.06,0.4669,0.3888,75.35,75.68,78.46,26.916,1.285,0.0,0.0,0.0,0.0
beir_fiqa_doc_level,Baseline,SPLADE_v3,splade_v3,-,SPLADE-v3 (DistilBERT),"sparse neural, distilbert",500,60.2,66.2,70.6,76.0,24.0,30.2,33.0,38.0,39.82,46.9,50.85,56.45,8.74,5.28,3.83,2.59,0.4049,0.3348,63.95,64.08,64.99,263.588,4.264,0.0,0.0,0.0,0.0
beir_fiqa_doc_level,Pipeline_V2,v7_current,v7_current,1.0,Edge-RAG V7 (GPU-Sparse Bailout),"p=1.0, tau=0.55, mu=0.50, bail_tau=0.80",500,46.6,57.2,61.6,66.4,17.4,23.2,25.8,29.6,29.88,38.07,42.08,47.05,6.36,4.14,3.1,2.14,0.2828,0.2322,10.33,10.26,11.71,16.989,0.389,0.0,0.0,0.0,0.0
multihop_rag_doc_level,Baseline,BM25_Blank,bm25_blank,-,BM25 (Blank Baseline),"k1=1.2, b=0.75, whitespace",248,72.58,73.39,73.39,73.79,40.32,52.02,57.66,64.11,57.63,64.28,67.14,69.96,14.68,8.29,5.79,3.64,0.5369,0.477,0.26,0.27,0.35,0.608,0.0,0.0,0.0,0.0,0.0
multihop_rag_doc_level,Baseline,BM25_Analyzed,bm25_analyzed,-,BM25 (Analyzed Baseline),"k1=1.2, b=0.75, kstem+wordnet",248,74.19,75.0,75.4,75.81,49.19,65.73,70.16,72.98,63.88,71.24,73.52,74.83,16.29,9.19,6.33,3.85,0.6191,0.554,0.29,0.29,0.41,1.451,0.0,0.0,0.0,0.0,0.0
multihop_rag_doc_level,Baseline,Dense_BGE_Small,dense_bge_small,-,Dense (bge-small-en-v1.5),"dim=384, cosine, fp16",248,73.39,74.6,74.6,75.0,33.06,45.97,51.61,60.89,55.78,63.44,66.23,70.06,14.19,8.15,5.69,3.6,0.5344,0.4711,11.52,11.69,11.93,1.188,1.223,0.0,0.0,0.0,0.0
multihop_rag_doc_level,Baseline,SPLADE_v3,splade_v3,-,SPLADE-v3 (DistilBERT),"sparse neural, distilbert",248,74.19,74.6,75.4,75.4,36.69,54.03,61.69,67.34,58.6,66.53,70.13,72.38,14.96,8.61,6.03,3.74,0.5465,0.4868,6.31,6.91,7.07,6.449,4.031,0.0,0.0,0.0,0.0
multihop_rag_doc_level,Pipeline_V2,v7_current,v7_current,1.0,Edge-RAG V7 (GPU-Sparse Bailout),"p=1.0, tau=0.55, mu=0.50, bail_tau=0.80",248,74.19,75.0,75.4,75.4,48.79,64.52,68.55,72.18,63.84,71.07,72.75,74.29,16.29,9.17,6.25,3.84,0.6327,0.5614,10.99,11.31,12.57,5.919,0.37,0.0,0.0,0.0,0.0
financebench_doc_level,Baseline,BM25_Blank,bm25_blank,-,BM25 (Blank Baseline),"k1=1.2, b=0.75, whitespace",150,32.67,38.67,41.33,49.33,31.33,36.0,39.33,46.67,32.0,37.33,40.33,47.89,3.87,2.27,1.62,1.15,0.2002,0.2281,0.22,0.22,0.36,0.464,0.0,0.0,0.0,0.0,0.0
financebench_doc_level,Baseline,BM25_Analyzed,bm25_analyzed,-,BM25 (Analyzed Baseline),"k1=1.2, b=0.75, kstem+wordnet",150,50.67,60.0,64.0,72.67,44.0,53.33,57.33,64.0,47.44,56.67,60.67,68.22,5.6,3.4,2.47,1.68,0.3092,0.3427,0.2,0.21,0.35,0.959,0.0,0.0,0.0,0.0,0.0
financebench_doc_level,Baseline,Dense_BGE_Small,dense_bge_small,-,Dense (bge-small-en-v1.5),"dim=384, cosine, fp16",150,75.33,84.0,86.67,89.33,68.67,76.0,79.33,81.33,72.0,79.89,82.89,85.22,8.8,4.9,3.4,2.09,0.5177,0.555,13.0,13.24,13.64,3.17,1.285,0.0,0.0,0.0,0.0
financebench_doc_level,Baseline,SPLADE_v3,splade_v3,-,SPLADE-v3 (DistilBERT),"sparse neural, distilbert",150,78.67,84.0,86.67,90.0,67.33,74.0,76.67,81.33,72.78,78.78,81.67,85.67,8.93,4.8,3.33,2.09,0.5268,0.5551,7.02,7.88,8.05,21.865,4.047,0.0,0.0,0.0,0.0
financebench_doc_level,Pipeline_V2,v7_current,v7_current,1.0,Edge-RAG V7 (GPU-Sparse Bailout),"p=1.0, tau=0.55, mu=0.50, bail_tau=0.80",150,56.0,63.33,69.33,74.0,50.67,58.0,63.33,68.0,53.11,60.44,66.11,71.0,6.47,3.7,2.69,1.76,0.3348,0.3744,9.16,9.64,11.25,4.517,0.362,0.0,0.0,0.0,0.0
bright_economics_doc_level,Baseline,BM25_Blank,bm25_blank,-,BM25 (Blank Baseline),"k1=1.2, b=0.75, whitespace",103,24.27,29.13,34.95,36.89,2.91,6.8,8.74,8.74,7.34,12.97,16.2,19.66,4.85,4.17,3.53,3.03,0.1045,0.0704,1.61,1.64,2.48,2.194,0.0,0.0,0.0,0.0,0.0
bright_economics_doc_level,Baseline,BM25_Analyzed,bm25_analyzed,-,BM25 (Analyzed Baseline),"k1=1.2, b=0.75, kstem+wordnet",103,23.3,33.01,38.83,45.63,7.77,8.74,9.71,11.65,10.89,15.5,18.47,25.01,5.34,4.76,4.34,3.71,0.1413,0.1103,1.08,1.14,1.83,4.221,0.0,0.0,0.0,0.0,0.0
bright_economics_doc_level,Baseline,Dense_BGE_Small,dense_bge_small,-,Dense (bge-small-en-v1.5),"dim=384, cosine, fp16",103,35.92,46.6,51.46,57.28,9.71,12.62,17.48,25.24,15.98,24.94,30.87,38.82,7.09,6.55,5.63,4.31,0.1717,0.1417,67.39,67.7,68.42,13.438,1.285,0.0,0.0,0.0,0.0
bright_economics_doc_level,Baseline,SPLADE_v3,splade_v3,-,SPLADE-v3 (DistilBERT),"sparse neural, distilbert",103,31.07,39.81,46.6,53.4,8.74,15.53,18.45,22.33,15.14,24.08,28.96,34.44,7.48,5.87,5.02,3.84,0.1791,0.143,42.69,43.78,48.92,147.591,4.083,0.0,0.0,0.0,0.0
bright_economics_doc_level,Pipeline_V2,v7_current,v7_current,1.0,Edge-RAG V7 (GPU-Sparse Bailout),"p=1.0, tau=0.55, mu=0.50, bail_tau=0.80",103,27.18,33.01,40.78,45.63,9.71,11.65,13.59,14.56,14.09,18.29,23.07,25.51,6.12,4.9,4.34,3.28,0.1325,0.1209,15.02,16.35,23.49,9.689,0.389,0.0,0.0,0.0,0.0
bright_stackoverflow_doc_level,Baseline,BM25_Blank,bm25_blank,-,BM25 (Blank Baseline),"k1=1.2, b=0.75, whitespace",117,23.08,27.35,32.48,37.61,5.13,6.84,8.55,11.97,11.46,14.71,17.62,21.59,4.1,2.69,2.11,1.59,0.1178,0.0963,3.56,3.72,5.13,8.765,0.0,0.0,0.0,0.0,0.0
bright_stackoverflow_doc_level,Baseline,BM25_Analyzed,bm25_analyzed,-,BM25 (Analyzed Baseline),"k1=1.2, b=0.75, kstem+wordnet",117,29.06,34.19,41.88,48.72,8.55,11.97,12.82,17.95,16.02,21.12,25.75,31.62,5.47,3.8,3.5,2.51,0.1827,0.1414,2.33,2.43,3.58,18.362,0.0,0.0,0.0,0.0,0.0
bright_stackoverflow_doc_level,Baseline,Dense_BGE_Small,dense_bge_small,-,Dense (bge-small-en-v1.5),"dim=384, cosine, fp16",117,26.5,37.61,42.74,47.86,5.98,16.24,19.66,22.22,12.63,23.25,28.4,32.83,4.1,3.68,3.05,2.32,0.1023,0.0868,132.08,133.04,138.29,71.456,1.285,0.0,0.0,0.0,0.0
bright_stackoverflow_doc_level,Baseline,SPLADE_v3,splade_v3,-,SPLADE-v3 (DistilBERT),"sparse neural, distilbert",117,33.33,42.74,47.01,50.43,8.55,11.11,13.68,16.24,17.0,23.21,27.82,31.37,5.3,3.97,3.39,2.58,0.1351,0.114,123.43,124.04,135.19,596.125,4.564,0.0,0.0,0.0,0.0
bright_stackoverflow_doc_level,Pipeline_V2,v7_current,v7_current,1.0,Edge-RAG V7 (GPU-Sparse Bailout),"p=1.0, tau=0.55, mu=0.50, bail_tau=0.80",117,38.46,44.44,46.15,52.14,11.11,13.68,15.38,20.51,21.82,27.71,31.12,37.23,7.78,5.13,4.19,2.99,0.2057,0.1688,21.75,23.13,37.77,27.185,0.389,0.0,0.0,0.0,0.0
bright_robotics_doc_level,Baseline,BM25_Blank,bm25_blank,-,BM25 (Blank Baseline),"k1=1.2, b=0.75, whitespace",101,9.9,13.86,14.85,16.83,2.97,4.95,4.95,5.94,4.31,7.21,7.6,8.97,1.29,1.19,0.86,0.65,0.0356,0.0295,1.55,1.82,2.92,1.673,0.0,0.0,0.0,0.0,0.0
bright_robotics_doc_level,Baseline,BM25_Analyzed,bm25_analyzed,-,BM25 (Analyzed Baseline),"k1=1.2, b=0.75, kstem+wordnet",101,17.82,22.77,27.72,36.63,5.94,7.92,8.91,11.88,8.07,12.16,15.03,20.81,1.98,1.93,1.72,1.58,0.0719,0.0537,1.16,1.45,3.3,2.855,0.0,0.0,0.0,0.0,0.0
bright_robotics_doc_level,Baseline,Dense_BGE_Small,dense_bge_small,-,Dense (bge-small-en-v1.5),"dim=384, cosine, fp16",101,30.69,37.62,39.6,46.53,9.9,11.88,12.87,14.85,15.33,18.72,19.94,24.65,4.85,3.22,2.44,1.86,0.1563,0.1213,81.17,81.79,85.24,14.875,1.285,0.0,0.0,0.0,0.0
bright_robotics_doc_level,Baseline,SPLADE_v3,splade_v3,-,SPLADE-v3 (DistilBERT),"sparse neural, distilbert",101,32.67,42.57,44.55,52.48,11.88,14.85,16.83,20.79,18.25,24.0,27.03,33.68,5.64,4.46,3.43,2.71,0.1872,0.1518,53.16,54.99,64.63,150.412,4.087,0.0,0.0,0.0,0.0
bright_robotics_doc_level,Pipeline_V2,v7_current,v7_current,1.0,Edge-RAG V7 (GPU-Sparse Bailout),"p=1.0, tau=0.55, mu=0.50, bail_tau=0.80",101,25.74,34.65,44.55,47.52,9.9,13.86,15.84,16.83,14.36,20.23,24.57,27.92,3.86,3.27,2.81,2.18,0.1033,0.0919,19.29,25.35,61.49,8.786,0.389,0.0,0.0,0.0,0.0
