dataset,partition_type,partition_bin,instance_count,ranking_safe_instance_count,ranking_safe_pct_has_safe,ranking_safe_pct_no_safe,ranking_safe_unconditional_pct_w_0.05,ranking_safe_pct_w_0.05,ranking_safe_conditional_pct_w_0.05,ranking_safe_unconditional_pct_w_0.1,ranking_safe_pct_w_0.1,ranking_safe_conditional_pct_w_0.1,ranking_safe_unconditional_pct_w_0.3,ranking_safe_pct_w_0.3,ranking_safe_conditional_pct_w_0.3,ranking_safe_unconditional_pct_w_0.5,ranking_safe_pct_w_0.5,ranking_safe_conditional_pct_w_0.5,ranking_safe_unconditional_pct_w_1.0,ranking_safe_pct_w_1.0,ranking_safe_conditional_pct_w_1.0,recall_safe_instance_count,recall_safe_pct_has_safe,recall_safe_pct_no_safe,recall_safe_unconditional_pct_w_0.05,recall_safe_pct_w_0.05,recall_safe_conditional_pct_w_0.05,recall_safe_unconditional_pct_w_0.1,recall_safe_pct_w_0.1,recall_safe_conditional_pct_w_0.1,recall_safe_unconditional_pct_w_0.3,recall_safe_pct_w_0.3,recall_safe_conditional_pct_w_0.3,recall_safe_unconditional_pct_w_0.5,recall_safe_pct_w_0.5,recall_safe_conditional_pct_w_0.5,recall_safe_unconditional_pct_w_1.0,recall_safe_pct_w_1.0,recall_safe_conditional_pct_w_1.0
scifact,df_band,DF=2-5,137,74,54.01459854014598,45.98540145985402,2.9197080291970803,2.9197080291970803,5.405405405405405,1.4598540145985401,1.4598540145985401,2.7027027027027026,10.218978102189782,10.218978102189782,18.91891891891892,8.02919708029197,8.02919708029197,14.864864864864865,31.386861313868614,31.386861313868614,58.108108108108105,0,0.0,100.0,0.0,0.0,0.0,0.0,0.0,0.0,0.0,0.0,0.0,0.0,0.0,0.0,0.0,0.0,0.0
scifact,df_band,DF=6-20,321,145,45.17133956386293,54.82866043613706,2.1806853582554515,2.1806853582554515,4.827586206896552,1.8691588785046727,1.8691588785046727,4.137931034482759,9.034267912772584,9.034267912772584,20.0,5.607476635514018,5.607476635514018,12.413793103448276,26.479750778816197,26.479750778816197,58.620689655172406,7,2.1806853582554515,97.81931464174455,2.1806853582554515,2.1806853582554515,100.0,0.0,0.0,0.0,0.0,0.0,0.0,0.0,0.0,0.0,0.0,0.0,0.0
scifact,df_band,DF>20_rel>1%,2617,840,32.09782193351165,67.90217806648835,0.19105846388995032,0.19105846388995032,0.5952380952380952,1.2227741688956821,1.2227741688956821,3.8095238095238098,7.030951471150172,7.030951471150172,21.904761904761905,7.833397019487963,7.833397019487963,24.404761904761905,15.819640810087886,15.819640810087886,49.28571428571429,71,2.713030187237295,97.2869698127627,2.713030187237295,2.713030187237295,100.0,0.0,0.0,0.0,0.0,0.0,0.0,0.0,0.0,0.0,0.0,0.0,0.0
scifact,df_band,DF>20_rel_0.1-1%,399,150,37.59398496240601,62.40601503759399,0.2506265664160401,0.2506265664160401,0.6666666666666667,2.0050125313283207,2.0050125313283207,5.333333333333334,10.275689223057643,10.275689223057643,27.333333333333332,7.268170426065162,7.268170426065162,19.333333333333332,17.794486215538846,17.794486215538846,47.333333333333336,12,3.007518796992481,96.99248120300751,3.007518796992481,3.007518796992481,100.0,0.0,0.0,0.0,0.0,0.0,0.0,0.0,0.0,0.0,0.0,0.0,0.0
scifact,idf_decile,D1,989,300,30.33367037411527,69.66632962588474,0.20222446916076847,0.20222446916076847,0.6666666666666667,0.40444893832153694,0.40444893832153694,1.3333333333333335,5.5611729019211324,5.5611729019211324,18.333333333333332,9.201213346814964,9.201213346814964,30.333333333333336,14.964610717896864,14.964610717896864,49.333333333333336,23,2.3255813953488373,97.67441860465115,2.3255813953488373,2.3255813953488373,100.0,0.0,0.0,0.0,0.0,0.0,0.0,0.0,0.0,0.0,0.0,0.0,0.0
scifact,idf_decile,D10,170,90,52.94117647058824,47.05882352941176,2.3529411764705883,2.3529411764705883,4.444444444444445,1.1764705882352942,1.1764705882352942,2.2222222222222223,10.0,10.0,18.88888888888889,7.647058823529412,7.647058823529412,14.444444444444443,31.76470588235294,31.76470588235294,60.0,0,0.0,100.0,0.0,0.0,0.0,0.0,0.0,0.0,0.0,0.0,0.0,0.0,0.0,0.0,0.0,0.0,0.0
scifact,idf_decile,D2,553,162,29.294755877034355,70.70524412296564,0.0,0.0,0.0,0.9041591320072333,0.9041591320072333,3.0864197530864197,6.871609403254973,6.871609403254973,23.456790123456788,7.59493670886076,7.59493670886076,25.925925925925924,13.924050632911392,13.924050632911392,47.53086419753087,11,1.9891500904159132,98.01084990958408,1.9891500904159132,1.9891500904159132,100.0,0.0,0.0,0.0,0.0,0.0,0.0,0.0,0.0,0.0,0.0,0.0,0.0
scifact,idf_decile,D3,370,128,34.5945945945946,65.4054054054054,0.2702702702702703,0.2702702702702703,0.78125,3.2432432432432434,3.2432432432432434,9.375,8.64864864864865,8.64864864864865,25.0,7.027027027027027,7.027027027027027,20.3125,15.405405405405407,15.405405405405407,44.53125,13,3.5135135135135136,96.48648648648648,3.5135135135135136,3.5135135135135136,100.0,0.0,0.0,0.0,0.0,0.0,0.0,0.0,0.0,0.0,0.0,0.0,0.0
scifact,idf_decile,D4,308,110,35.714285714285715,64.28571428571429,0.0,0.0,0.0,1.948051948051948,1.948051948051948,5.454545454545454,7.467532467532467,7.467532467532467,20.909090909090907,5.194805194805195,5.194805194805195,14.545454545454545,21.1038961038961,21.1038961038961,59.09090909090909,11,3.571428571428571,96.42857142857143,3.571428571428571,3.571428571428571,100.0,0.0,0.0,0.0,0.0,0.0,0.0,0.0,0.0,0.0,0.0,0.0,0.0
scifact,idf_decile,D5,270,97,35.92592592592593,64.07407407407408,0.0,0.0,0.0,1.1111111111111112,1.1111111111111112,3.0927835051546393,9.62962962962963,9.62962962962963,26.804123711340207,8.148148148148149,8.148148148148149,22.68041237113402,17.037037037037038,17.037037037037038,47.42268041237113,10,3.7037037037037033,96.29629629629629,3.7037037037037033,3.7037037037037033,100.0,0.0,0.0,0.0,0.0,0.0,0.0,0.0,0.0,0.0,0.0,0.0,0.0
scifact,idf_decile,D6,233,77,33.047210300429185,66.95278969957081,1.2875536480686696,1.2875536480686696,3.896103896103896,0.8583690987124464,0.8583690987124464,2.5974025974025974,11.158798283261802,11.158798283261802,33.76623376623377,4.291845493562231,4.291845493562231,12.987012987012985,15.450643776824036,15.450643776824036,46.75324675324675,5,2.1459227467811157,97.85407725321889,2.1459227467811157,2.1459227467811157,100.0,0.0,0.0,0.0,0.0,0.0,0.0,0.0,0.0,0.0,0.0,0.0,0.0
scifact,idf_decile,D7,210,79,37.61904761904762,62.38095238095238,0.0,0.0,0.0,2.380952380952381,2.380952380952381,6.329113924050633,8.571428571428571,8.571428571428571,22.78481012658228,10.0,10.0,26.582278481012654,16.666666666666664,16.666666666666664,44.303797468354425,6,2.857142857142857,97.14285714285714,2.857142857142857,2.857142857142857,100.0,0.0,0.0,0.0,0.0,0.0,0.0,0.0,0.0,0.0,0.0,0.0,0.0
scifact,idf_decile,D8,191,83,43.455497382198956,56.54450261780105,0.5235602094240838,0.5235602094240838,1.2048192771084338,3.1413612565445024,3.1413612565445024,7.228915662650602,8.900523560209423,8.900523560209423,20.481927710843372,6.806282722513089,6.806282722513089,15.66265060240964,24.083769633507853,24.083769633507853,55.42168674698795,5,2.6178010471204187,97.38219895287958,2.6178010471204187,2.6178010471204187,100.0,0.0,0.0,0.0,0.0,0.0,0.0,0.0,0.0,0.0,0.0,0.0,0.0
scifact,idf_decile,D9,180,83,46.111111111111114,53.888888888888886,3.3333333333333335,3.3333333333333335,7.228915662650602,1.6666666666666667,1.6666666666666667,3.614457831325301,8.88888888888889,8.88888888888889,19.27710843373494,5.0,5.0,10.843373493975903,27.22222222222222,27.22222222222222,59.036144578313255,6,3.3333333333333335,96.66666666666667,3.3333333333333335,3.3333333333333335,100.0,0.0,0.0,0.0,0.0,0.0,0.0,0.0,0.0,0.0,0.0,0.0,0.0
bright_aops,df_band,DF=2-5,97,10,10.309278350515463,89.69072164948454,0.0,0.0,0.0,0.0,0.0,0.0,0.0,0.0,0.0,0.0,0.0,0.0,10.309278350515463,10.309278350515463,100.0,20,20.618556701030926,79.38144329896907,0.0,0.0,0.0,1.0309278350515463,1.0309278350515463,5.0,3.0927835051546393,3.0927835051546393,15.0,2.0618556701030926,2.0618556701030926,10.0,14.432989690721648,14.432989690721648,70.0
bright_aops,df_band,DF=6-20,227,19,8.370044052863436,91.62995594713657,0.0,0.0,0.0,0.0,0.0,0.0,0.0,0.0,0.0,0.881057268722467,0.881057268722467,10.526315789473683,7.488986784140969,7.488986784140969,89.47368421052632,29,12.77533039647577,87.22466960352423,0.0,0.0,0.0,0.881057268722467,0.881057268722467,6.896551724137931,2.2026431718061676,2.2026431718061676,17.24137931034483,1.3215859030837005,1.3215859030837005,10.344827586206897,8.370044052863436,8.370044052863436,65.51724137931035
bright_aops,df_band,DF>20_rel<0.1%,870,75,8.620689655172415,91.37931034482759,0.0,0.0,0.0,0.0,0.0,0.0,0.0,0.0,0.0,0.22988505747126436,0.22988505747126436,2.666666666666667,8.39080459770115,8.39080459770115,97.33333333333334,130,14.942528735632186,85.0574712643678,0.0,0.0,0.0,0.3448275862068966,0.3448275862068966,2.307692307692308,3.793103448275862,3.793103448275862,25.384615384615383,1.839080459770115,1.839080459770115,12.307692307692308,8.96551724137931,8.96551724137931,60.0
bright_aops,df_band,DF>20_rel>1%,2694,76,2.8210838901262063,97.1789161098738,0.03711952487008166,0.03711952487008166,1.3157894736842104,0.0,0.0,0.0,0.3711952487008166,0.3711952487008166,13.157894736842104,0.2969561989606533,0.2969561989606533,10.526315789473683,2.1158129175946545,2.1158129175946545,75.0,139,5.159613956941351,94.84038604305864,0.0,0.0,0.0,0.0,0.0,0.0,0.6310319227913883,0.6310319227913883,12.23021582733813,1.3734224201930216,1.3734224201930216,26.618705035971225,3.155159613956941,3.155159613956941,61.15107913669065
bright_aops,df_band,DF>20_rel_0.1-1%,1698,80,4.7114252061248525,95.28857479387514,0.0,0.0,0.0,0.0,0.0,0.0,0.7656065959952886,0.7656065959952886,16.25,0.11778563015312131,0.11778563015312131,2.5,3.828032979976443,3.828032979976443,81.25,213,12.54416961130742,87.45583038869258,0.0,0.0,0.0,0.058892815076560655,0.058892815076560655,0.4694835680751174,2.8857479387514724,2.8857479387514724,23.004694835680752,2.65017667844523,2.65017667844523,21.12676056338028,6.9493521790341575,6.9493521790341575,55.39906103286385
bright_aops,idf_decile,D1,1496,45,3.0080213903743314,96.99197860962568,0.06684491978609625,0.06684491978609625,2.2222222222222223,0.0,0.0,0.0,0.4679144385026738,0.4679144385026738,15.555555555555555,0.4010695187165776,0.4010695187165776,13.333333333333334,2.072192513368984,2.072192513368984,68.88888888888889,59,3.943850267379679,96.05614973262033,0.0,0.0,0.0,0.0,0.0,0.0,0.2005347593582888,0.2005347593582888,5.084745762711865,0.8021390374331552,0.8021390374331552,20.33898305084746,2.941176470588235,2.941176470588235,74.57627118644068
bright_aops,idf_decile,D10,305,27,8.852459016393443,91.14754098360656,0.0,0.0,0.0,0.0,0.0,0.0,0.0,0.0,0.0,0.6557377049180327,0.6557377049180327,7.4074074074074066,8.19672131147541,8.19672131147541,92.5925925925926,49,16.065573770491802,83.93442622950819,0.0,0.0,0.0,0.9836065573770493,0.9836065573770493,6.122448979591836,2.622950819672131,2.622950819672131,16.3265306122449,1.639344262295082,1.639344262295082,10.204081632653061,10.819672131147541,10.819672131147541,67.3469387755102
bright_aops,idf_decile,D2,751,19,2.5299600532623168,97.47003994673769,0.0,0.0,0.0,0.0,0.0,0.0,0.13315579227696406,0.13315579227696406,5.263157894736842,0.2663115845539281,0.2663115845539281,10.526315789473683,2.130492676431425,2.130492676431425,84.21052631578947,47,6.25832223701731,93.74167776298269,0.0,0.0,0.0,0.0,0.0,0.0,1.5978695073235687,1.5978695073235687,25.53191489361702,1.1984021304926764,1.1984021304926764,19.148936170212767,3.462050599201065,3.462050599201065,55.319148936170215
bright_aops,idf_decile,D3,634,21,3.3123028391167195,96.68769716088327,0.0,0.0,0.0,0.0,0.0,0.0,0.9463722397476341,0.9463722397476341,28.57142857142857,0.0,0.0,0.0,2.365930599369085,2.365930599369085,71.42857142857143,50,7.886435331230284,92.11356466876973,0.0,0.0,0.0,0.0,0.0,0.0,0.6309148264984227,0.6309148264984227,8.0,3.4700315457413247,3.4700315457413247,44.0,3.7854889589905363,3.7854889589905363,48.0
bright_aops,idf_decile,D4,507,19,3.7475345167652856,96.25246548323472,0.0,0.0,0.0,0.0,0.0,0.0,0.591715976331361,0.591715976331361,15.789473684210526,0.19723865877712032,0.19723865877712032,5.263157894736842,2.9585798816568047,2.9585798816568047,78.94736842105263,61,12.03155818540434,87.96844181459566,0.0,0.0,0.0,0.0,0.0,0.0,1.7751479289940828,1.7751479289940828,14.754098360655737,3.353057199211045,3.353057199211045,27.86885245901639,6.903353057199212,6.903353057199212,57.377049180327866
bright_aops,idf_decile,D5,438,21,4.794520547945205,95.2054794520548,0.0,0.0,0.0,0.0,0.0,0.0,0.91324200913242,0.91324200913242,19.047619047619047,0.228310502283105,0.228310502283105,4.761904761904762,3.65296803652968,3.65296803652968,76.19047619047619,73,16.666666666666664,83.33333333333334,0.0,0.0,0.0,0.228310502283105,0.228310502283105,1.36986301369863,3.4246575342465753,3.4246575342465753,20.54794520547945,3.4246575342465753,3.4246575342465753,20.54794520547945,9.58904109589041,9.58904109589041,57.534246575342465
bright_aops,idf_decile,D6,451,29,6.430155210643015,93.56984478935698,0.0,0.0,0.0,0.0,0.0,0.0,0.4434589800443459,0.4434589800443459,6.896551724137931,0.0,0.0,0.0,5.986696230598669,5.986696230598669,93.10344827586206,52,11.529933481152993,88.470066518847,0.0,0.0,0.0,0.0,0.0,0.0,4.434589800443459,4.434589800443459,38.46153846153847,1.5521064301552108,1.5521064301552108,13.461538461538462,5.543237250554324,5.543237250554324,48.07692307692308
bright_aops,idf_decile,D7,347,17,4.899135446685879,95.10086455331412,0.0,0.0,0.0,0.0,0.0,0.0,0.0,0.0,0.0,0.0,0.0,0.0,4.899135446685879,4.899135446685879,100.0,44,12.680115273775217,87.31988472622479,0.0,0.0,0.0,0.0,0.0,0.0,3.45821325648415,3.45821325648415,27.27272727272727,1.440922190201729,1.440922190201729,11.363636363636363,7.780979827089338,7.780979827089338,61.36363636363637
bright_aops,idf_decile,D8,342,32,9.35672514619883,90.64327485380117,0.0,0.0,0.0,0.0,0.0,0.0,0.0,0.0,0.0,0.29239766081871343,0.29239766081871343,3.125,9.064327485380117,9.064327485380117,96.875,39,11.403508771929824,88.59649122807018,0.0,0.0,0.0,0.5847953216374269,0.5847953216374269,5.128205128205128,2.3391812865497075,2.3391812865497075,20.51282051282051,1.461988304093567,1.461988304093567,12.82051282051282,7.017543859649122,7.017543859649122,61.53846153846154
bright_aops,idf_decile,D9,315,30,9.523809523809524,90.47619047619048,0.0,0.0,0.0,0.0,0.0,0.0,0.0,0.0,0.0,0.31746031746031744,0.31746031746031744,3.3333333333333335,9.206349206349207,9.206349206349207,96.66666666666667,57,18.095238095238095,81.9047619047619,0.0,0.0,0.0,0.31746031746031744,0.31746031746031744,1.7543859649122806,5.079365079365079,5.079365079365079,28.07017543859649,1.9047619047619049,1.9047619047619049,10.526315789473683,10.793650793650794,10.793650793650794,59.64912280701754
nfcorpus,df_band,DF=2-5,4658,2585,55.49592099613568,44.50407900386432,10.154572778016316,10.154572778016316,18.29787234042553,1.07342206955775,1.07342206955775,1.9342359767891684,3.39201373980249,3.39201373980249,6.112185686653772,6.354658651781881,6.354658651781881,11.450676982591876,34.521253756977245,34.521253756977245,62.20502901353965,3603,77.35079433233147,22.649205667668525,43.967367969085444,43.967367969085444,56.84152095475993,0.19321597252039502,0.19321597252039502,0.2497918401332223,1.4169171318162301,1.4169171318162301,1.8318068276436303,2.941176470588235,2.941176470588235,3.8023868998057173,28.832116788321166,28.832116788321166,37.27449347765751
nfcorpus,df_band,DF=6-20,8982,3282,36.539746158984634,63.460253841015366,9.407704297483857,9.407704297483857,25.74649603900061,1.1467379202850145,1.1467379202850145,3.138330286410725,3.674014696058784,3.674014696058784,10.054844606946983,5.355154753952349,5.355154753952349,14.655697745277271,16.95613449120463,16.95613449120463,46.404631322364416,6910,76.93164105989757,23.068358940102428,58.86216878200846,58.86216878200846,76.5123010130246,0.723669561344912,0.723669561344912,0.9406657018813315,2.6608773101759073,2.6608773101759073,3.4587554269175107,2.738810955243821,2.738810955243821,3.560057887120116,11.946114451124473,11.946114451124473,15.528219971056439
nfcorpus,df_band,DF>20_rel>1%,21178,4443,20.979318160355085,79.02068183964491,3.291151194635943,3.291151194635943,15.68759846950259,0.9963169326659742,0.9963169326659742,4.749043439117713,3.985267730663897,3.985267730663897,18.996173756470853,3.796392482765134,3.796392482765134,18.09588116137745,8.910189819624138,8.910189819624138,42.471303173531396,15658,73.93521578997073,26.064784210029273,58.47105486825952,58.47105486825952,79.08417422403883,1.0152044574558503,1.0152044574558503,1.3731000127730235,4.103314760600623,4.103314760600623,5.549878656277941,3.361979412597979,3.361979412597979,4.547196321369268,6.983662291056756,6.983662291056756,9.445650785540938
nfcorpus,df_band,DF>20_rel_0.1-1%,5049,1259,24.93563081798376,75.06436918201625,5.228758169934641,5.228758169934641,20.96902303415409,1.1883541295306002,1.1883541295306002,4.765687053216839,3.6838978015448602,3.6838978015448602,14.773629864972202,4.753416518122401,4.753416518122401,19.062748212867355,10.081204198851259,10.081204198851259,40.42891183478952,3761,74.48999801940978,25.510001980590214,60.863537334125574,60.863537334125574,81.70699282105824,0.8120419885125768,0.8120419885125768,1.0901356022334485,3.4264210734798968,3.4264210734798968,4.599840467960649,2.7926322043969103,2.7926322043969103,3.7490029247540546,6.59536541889483,6.59536541889483,8.854028183993618
nfcorpus,idf_decile,D1,14073,2841,20.187593263696442,79.81240673630356,2.963120869750586,2.963120869750586,14.6779303062302,0.7816385987351666,0.7816385987351666,3.8718760999648008,3.965039437220209,3.965039437220209,19.640971488912353,3.659489803169189,3.659489803169189,18.127419922562478,8.818304554821289,8.818304554821289,43.681802182330166,10312,73.27506572870035,26.72493427129965,57.25147445462944,57.25147445462944,78.1322730799069,0.8669082640517303,0.8669082640517303,1.1830876648564779,4.121367156967242,4.121367156967242,5.624515128006206,3.659489803169189,3.659489803169189,4.994181536074476,7.375826049882754,7.375826049882754,10.065942591155935
nfcorpus,idf_decile,D10,862,633,73.4338747099768,26.5661252900232,8.236658932714617,8.236658932714617,11.216429699842022,1.2761020881670533,1.2761020881670533,1.7377567140600316,3.82830626450116,3.82830626450116,5.213270142180095,9.860788863109049,9.860788863109049,13.428120063191153,50.232018561484914,50.232018561484914,68.4044233807267,676,78.42227378190255,21.57772621809745,25.638051044083525,25.638051044083525,32.69230769230769,0.0,0.0,0.0,0.8120649651972157,0.8120649651972157,1.0355029585798818,6.380510440835267,6.380510440835267,8.136094674556213,45.59164733178655,45.59164733178655,58.13609467455622
nfcorpus,idf_decile,D2,7615,1720,22.58699934340118,77.41300065659883,4.005252790544977,4.005252790544977,17.732558139534884,1.4051214707813526,1.4051214707813526,6.22093023255814,4.070912672357189,4.070912672357189,18.023255813953487,4.110308601444517,4.110308601444517,18.197674418604652,8.995403808273144,8.995403808273144,39.825581395348834,5746,75.45633617859487,24.543663821405122,61.247537754432045,61.247537754432045,81.16950922380786,1.2606697307944845,1.2606697307944845,1.6707274625826662,4.084044648719632,4.084044648719632,5.412460842325096,2.7708470124753775,2.7708470124753775,3.6721197354681516,6.0932370321733424,6.0932370321733424,8.07518273581622
nfcorpus,idf_decile,D3,4909,1261,25.687512731717256,74.31248726828275,5.459360358525158,5.459360358525158,21.252973830293417,1.161132613566918,1.161132613566918,4.520222045995242,3.666734569158688,3.666734569158688,14.274385408406026,4.950091668364228,4.950091668364228,19.27042030134814,10.45019352210226,10.45019352210226,40.681998413957174,3658,74.51619474434712,25.483805255652882,60.35852515787329,60.35852515787329,81.0005467468562,0.8352006518639234,0.8352006518639234,1.1208310552214324,3.3815441026685678,3.3815441026685678,4.537998906506288,2.9130169077205132,2.9130169077205132,3.909240021869874,7.027907924220819,7.027907924220819,9.4313832695462
nfcorpus,idf_decile,D4,3362,1065,31.677572873289712,68.3224271267103,7.852468768590125,7.852468768590125,24.788732394366196,1.0410469958358122,1.0410469958358122,3.286384976525822,3.6585365853658534,3.6585365853658534,11.549295774647888,5.443188578227246,5.443188578227246,17.183098591549296,13.682331945270674,13.682331945270674,43.1924882629108,2621,77.95954788816181,22.040452111838192,61.00535395597858,61.00535395597858,78.25257535291873,0.9220701963117192,0.9220701963117192,1.1827546737886303,3.2123735871505055,3.2123735871505055,4.120564669973293,3.301606186793575,3.301606186793575,4.235024799694774,9.518143961927423,9.518143961927423,12.209080503624572
nfcorpus,idf_decile,D5,2715,1000,36.83241252302026,63.16758747697975,10.20257826887661,10.20257826887661,27.700000000000003,1.1049723756906076,1.1049723756906076,3.0,3.4622467771639043,3.4622467771639043,9.4,4.677716390423573,4.677716390423573,12.7,17.384898710865563,17.384898710865563,47.199999999999996,2061,75.91160220994475,24.08839779005525,58.85819521178637,58.85819521178637,77.53517709849588,0.6998158379373849,0.6998158379373849,0.9218825812712276,2.3204419889502765,2.3204419889502765,3.056768558951965,2.209944751381215,2.209944751381215,2.911208151382824,11.823204419889503,11.823204419889503,15.574963609898107
nfcorpus,idf_decile,D6,2535,1097,43.2741617357002,56.725838264299796,10.848126232741617,10.848126232741617,25.06836827711942,1.3806706114398422,1.3806706114398422,3.1905195989061075,3.7475345167652856,3.7475345167652856,8.659981768459435,5.680473372781065,5.680473372781065,13.126709206927986,21.617357001972387,21.617357001972387,49.95442114858706,1931,76.17357001972387,23.826429980276135,55.62130177514793,55.62130177514793,73.01916105644743,0.4733727810650888,0.4733727810650888,0.6214396685655101,2.0907297830374754,2.0907297830374754,2.7446918694976694,2.3274161735700196,2.3274161735700196,3.055411703780425,15.660749506903354,15.660749506903354,20.55929570170896
nfcorpus,idf_decile,D7,1065,470,44.13145539906103,55.86854460093896,11.737089201877934,11.737089201877934,26.595744680851062,0.9389671361502347,0.9389671361502347,2.127659574468085,3.004694835680751,3.004694835680751,6.808510638297872,4.976525821596244,4.976525821596244,11.27659574468085,23.474178403755868,23.474178403755868,53.191489361702125,791,74.27230046948357,25.727699530516436,53.14553990610329,53.14553990610329,71.55499367888748,0.28169014084507044,0.28169014084507044,0.37926675094816686,2.2535211267605635,2.2535211267605635,3.034134007585335,1.784037558685446,1.784037558685446,2.402022756005057,16.8075117370892,16.8075117370892,22.629582806573957
nfcorpus,idf_decile,D8,1274,638,50.078492935635786,49.92150706436421,9.57613814756672,9.57613814756672,19.122257053291534,1.098901098901099,1.098901098901099,2.19435736677116,3.296703296703297,3.296703296703297,6.583072100313479,5.4945054945054945,5.4945054945054945,10.9717868338558,30.612244897959183,30.612244897959183,61.12852664576802,1004,78.80690737833595,21.19309262166405,49.058084772370485,49.058084772370485,62.25099601593625,0.39246467817896385,0.39246467817896385,0.49800796812749004,1.4128728414442702,1.4128728414442702,1.7928286852589643,2.2762951334379906,2.2762951334379906,2.888446215139442,25.66718995290424,25.66718995290424,32.569721115537845
nfcorpus,idf_decile,D9,1457,844,57.927247769389155,42.072752230610845,10.638297872340425,10.638297872340425,18.364928909952607,1.029512697323267,1.029512697323267,1.7772511848341233,3.5003431708991077,3.5003431708991077,6.042654028436019,6.039807824296499,6.039807824296499,10.42654028436019,36.71928620452986,36.71928620452986,63.38862559241706,1132,77.69389155799588,22.30610844200412,43.65133836650652,43.65133836650652,56.18374558303887,0.06863417982155114,0.06863417982155114,0.08833922261484099,1.1667810569663692,1.1667810569663692,1.5017667844522968,2.3335621139327385,2.3335621139327385,3.0035335689045937,30.473575840768703,30.473575840768703,39.2226148409894
trec_covid,df_band,DF=2-5,1974,604,30.59777102330294,69.40222897669706,0.4052684903748734,0.4052684903748734,1.3245033112582782,0.60790273556231,0.60790273556231,1.9867549668874174,4.812563323201621,4.812563323201621,15.728476821192054,8.865248226950355,8.865248226950355,28.97350993377483,15.906788247213779,15.906788247213779,51.98675496688742,773,39.15906788247214,60.840932117527856,3.2928064842958458,3.2928064842958458,8.408796895213454,3.2928064842958458,3.2928064842958458,8.408796895213454,10.790273556231003,10.790273556231003,27.55498059508409,8.358662613981762,8.358662613981762,21.345407503234153,13.42451874366768,13.42451874366768,34.28201811125485
trec_covid,df_band,DF=6-20,7540,1348,17.877984084880634,82.12201591511936,0.22546419098143236,0.22546419098143236,1.261127596439169,0.5702917771883289,0.5702917771883289,3.1899109792284865,3.6604774535809024,3.6604774535809024,20.474777448071215,5.7824933687002655,5.7824933687002655,32.34421364985163,7.639257294429708,7.639257294429708,42.72997032640949,2393,31.73740053050398,68.26259946949602,3.8328912466843503,3.8328912466843503,12.076890931884664,3.2360742705570296,3.2360742705570296,10.19640618470539,10.53050397877984,10.53050397877984,33.18010865022984,7.625994694960212,7.625994694960212,24.028416213957378,6.5119363395225465,6.5119363395225465,20.51817801922273
trec_covid,df_band,DF>20_rel<0.1%,37037,3893,10.51111051111051,89.48888948888948,0.2808002808002808,0.2808002808002808,2.6714615977395324,0.6372006372006372,0.6372006372006372,6.062162856408939,2.7027027027027026,2.7027027027027026,25.712817878243,3.9501039501039505,3.9501039501039505,37.58027228358593,2.9403029403029404,2.9403029403029404,27.973285384022606,9647,26.046926046926046,73.95307395307395,3.5208035208035207,3.5208035208035207,13.51715559241215,3.696303696303696,3.696303696303696,14.190940188659686,9.412209412209412,9.412209412209412,36.13558619259874,6.574506574506575,6.574506574506575,25.24100756711931,2.843102843102843,2.843102843102843,10.915310459210117
trec_covid,df_band,DF>20_rel>1%,52053,7486,14.381495783144102,85.6185042168559,1.1257756517395732,1.1257756517395732,7.827945498263425,2.130520815322844,2.130520815322844,14.814320064119691,4.795112673621118,4.795112673621118,33.34223884584558,4.345570860469137,4.345570860469137,30.216403954047554,1.9845157819914319,1.9845157819914319,13.799091637723752,16352,31.414135592569114,68.58586440743089,6.1783182525502855,6.1783182525502855,19.667318982387474,7.029373907363648,7.029373907363648,22.37646771037182,10.347146177934029,10.347146177934029,32.93786692759296,5.842122452116112,5.842122452116112,18.597113502935418,2.0171748026050373,2.0171748026050373,6.421232876712329
trec_covid,df_band,DF>20_rel_0.1-1%,74006,5655,7.6412723292706,92.35872767072941,0.39050887765856823,0.39050887765856823,5.110521662245801,0.8377699105477934,0.8377699105477934,10.963748894783377,2.475474961489609,2.475474961489609,32.39610963748895,2.8457152122800853,2.8457152122800853,37.24137931034483,1.0918033672945435,1.0918033672945435,14.288240495137048,16923,22.867064832581143,77.13293516741886,3.809150609410048,3.809150609410048,16.65780299001359,4.114531254222631,4.114531254222631,17.99326360574366,8.876307326432991,8.876307326432991,38.816994622702836,4.611788233386482,4.611788233386482,20.167818944631566,1.4552874091289896,1.4552874091289896,6.364119836908349
trec_covid,idf_decile,D1,72451,9137,12.611282107907412,87.38871789209259,0.9537480504064817,0.9537480504064817,7.562657327350333,1.839864184069233,1.839864184069233,14.589033599649776,4.215262729292901,4.215262729292901,33.42453759439641,3.8978067935570246,3.8978067935570246,30.90729998905549,1.7046003505817726,1.7046003505817726,13.51647148954799,21101,29.124511738968405,70.87548826103159,5.631392251314682,5.631392251314682,19.335576512961474,6.387765524285379,6.387765524285379,21.93260982891806,9.918427626947867,9.918427626947867,34.055258044642436,5.417454555492678,5.417454555492678,18.601014169944552,1.7694717809277993,1.7694717809277993,6.075541443533481
trec_covid,idf_decile,D10,2456,714,29.07166123778502,70.92833876221498,0.4885993485342019,0.4885993485342019,1.680672268907563,0.5293159609120521,0.5293159609120521,1.8207282913165268,4.397394136807818,4.397394136807818,15.126050420168067,8.754071661237784,8.754071661237784,30.11204481792717,14.90228013029316,14.90228013029316,51.26050420168067,948,38.59934853420196,61.40065146579805,3.5830618892508146,3.5830618892508146,9.282700421940929,3.298045602605863,3.298045602605863,8.544303797468354,10.749185667752444,10.749185667752444,27.848101265822784,7.858306188925081,7.858306188925081,20.35864978902954,13.110749185667753,13.110749185667753,33.9662447257384
trec_covid,idf_decile,D2,38538,2839,7.366754891276144,92.63324510872386,0.352898437905444,0.352898437905444,4.790419161676647,0.7862369609216877,0.7862369609216877,10.672772102853118,2.395038663137682,2.395038663137682,32.51144769284959,2.8205926617883645,2.8205926617883645,38.28812962310673,1.0119881675229643,1.0119881675229643,13.737231419513913,8662,22.476516684830557,77.52348331516944,3.7028387565519747,3.7028387565519747,16.474255368275227,3.9156157558773157,3.9156157558773157,17.420918956361117,8.889926825470964,8.889926825470964,39.552066497344725,4.527998339301469,4.527998339301469,20.14546294158393,1.4401370076288338,1.4401370076288338,6.407296236435004
trec_covid,idf_decile,D3,20101,1579,7.85533058056813,92.14466941943186,0.2835679816924531,0.2835679816924531,3.609879670677644,0.577085717128501,0.577085717128501,7.346421785940469,2.353116760360181,2.353116760360181,29.955668144395187,3.144122182975971,3.144122182975971,40.02533248891704,1.4974379384110243,1.4974379384110243,19.062697910069666,4677,23.267499129396548,76.73250087060345,3.5769364708223472,3.5769364708223472,15.373102416078682,3.7261827769762697,3.7261827769762697,16.014539234552064,8.666235510671111,8.666235510671111,37.24609792602095,5.343017760310433,5.343017760310433,22.963438101347016,1.9551266106163874,1.9551266106163874,8.402822322001283
trec_covid,idf_decile,D4,12171,1157,9.506203270068195,90.4937967299318,0.3286500698381398,0.3286500698381398,3.457216940363008,0.6408676361843727,0.6408676361843727,6.741573033707865,2.547038041245584,2.547038041245584,26.793431287813313,3.861638320598143,3.861638320598143,40.622299049265344,2.128009202201955,2.128009202201955,22.385479688850477,3087,25.36356913975844,74.63643086024156,3.459041985046422,3.459041985046422,13.637836086815676,3.8205570618683757,3.8205570618683757,15.063168124392615,9.456905759592473,9.456905759592473,37.28539034661484,6.39224385835182,6.39224385835182,25.202461937155814,2.234820474899351,2.234820474899351,8.811143505021056
trec_covid,idf_decile,D5,8263,846,10.238412198959216,89.76158780104079,0.2662471257412562,0.2662471257412562,2.6004728132387704,0.6535156722739924,0.6535156722739924,6.382978723404255,2.6019605470168217,2.6019605470168217,25.413711583924346,3.9331961757231024,3.9331961757231024,38.4160756501182,2.783492678204042,2.783492678204042,27.18676122931442,2114,25.583928355318893,74.4160716446811,3.4975190608737745,3.4975190608737745,13.670766319772943,3.3038847876074064,3.3038847876074064,12.91390728476821,9.330751543023116,9.330751543023116,36.471144749290445,6.426237444027592,6.426237444027592,25.118259224219493,3.0255355197870024,3.0255355197870024,11.825922421948912
trec_covid,idf_decile,D6,6225,729,11.710843373493976,88.28915662650603,0.24096385542168677,0.24096385542168677,2.05761316872428,0.7710843373493975,0.7710843373493975,6.584362139917696,2.8433734939759034,2.8433734939759034,24.279835390946502,4.016064257028113,4.016064257028113,34.29355281207133,3.8393574297188753,3.8393574297188753,32.78463648834019,1686,27.084337349397593,72.91566265060241,3.2449799196787152,3.2449799196787152,11.981020166073547,3.823293172690763,3.823293172690763,14.116251482799525,9.63855421686747,9.63855421686747,35.587188612099645,7.100401606425703,7.100401606425703,26.215895610913403,3.2771084337349397,3.2771084337349397,12.099644128113878
trec_covid,idf_decile,D7,4818,684,14.196762141967623,85.80323785803238,0.37359900373599003,0.37359900373599003,2.631578947368421,0.6434205064342051,0.6434205064342051,4.5321637426900585,3.23785803237858,3.23785803237858,22.807017543859647,4.711498547114985,4.711498547114985,33.187134502923975,5.230386052303861,5.230386052303861,36.84210526315789,1420,29.472810294728102,70.5271897052719,3.69447903694479,3.69447903694479,12.535211267605634,3.9435450394354503,3.9435450394354503,13.380281690140844,10.25321710253217,10.25321710253217,34.78873239436619,7.347447073474471,7.347447073474471,24.929577464788732,4.2341220423412205,4.2341220423412205,14.366197183098592
trec_covid,idf_decile,D8,4460,726,16.278026905829595,83.7219730941704,0.17937219730941703,0.17937219730941703,1.1019283746556474,0.5605381165919282,0.5605381165919282,3.443526170798898,3.856502242152467,3.856502242152467,23.69146005509642,5.201793721973094,5.201793721973094,31.955922865013775,6.47982062780269,6.47982062780269,39.807162534435264,1402,31.434977578475337,68.56502242152467,3.968609865470852,3.968609865470852,12.624821683309559,3.2062780269058297,3.2062780269058297,10.199714693295292,11.09865470852018,11.09865470852018,35.30670470756063,7.690582959641255,7.690582959641255,24.465049928673324,5.4708520179372195,5.4708520179372195,17.4037089871612
trec_covid,idf_decile,D9,3127,575,18.388231531819635,81.61176846818037,0.1598976654940838,0.1598976654940838,0.8695652173913043,0.6076111288775183,0.6076111288775183,3.304347826086956,3.5817077070674768,3.5817077070674768,19.47826086956522,5.756315957787017,5.756315957787017,31.30434782608696,8.28269907259354,8.28269907259354,45.04347826086956,991,31.691717300927408,68.30828269907259,3.5817077070674768,3.5817077070674768,11.301715438950556,3.389830508474576,3.389830508474576,10.696266397578205,10.201471058522547,10.201471058522547,32.18970736629667,7.80300607611129,7.80300607611129,24.62159434914228,6.715701950751519,6.715701950751519,21.19071644803229
fiqa,df_band,DF=2-5,36,26,72.22222222222221,27.77777777777778,0.0,0.0,0.0,0.0,0.0,0.0,2.7777777777777777,2.7777777777777777,3.8461538461538463,5.555555555555555,5.555555555555555,7.6923076923076925,63.888888888888886,63.888888888888886,88.46153846153845,10,27.77777777777778,72.22222222222221,0.0,0.0,0.0,2.7777777777777777,2.7777777777777777,10.0,0.0,0.0,0.0,8.333333333333332,8.333333333333332,30.0,16.666666666666664,16.666666666666664,60.0
fiqa,df_band,DF=6-20,113,65,57.52212389380531,42.47787610619469,0.0,0.0,0.0,2.6548672566371683,2.6548672566371683,4.615384615384616,11.504424778761061,11.504424778761061,20.0,8.849557522123893,8.849557522123893,15.384615384615385,34.51327433628318,34.51327433628318,60.0,9,7.964601769911504,92.03539823008849,0.0,0.0,0.0,0.8849557522123894,0.8849557522123894,11.11111111111111,2.6548672566371683,2.6548672566371683,33.33333333333333,0.0,0.0,0.0,4.424778761061947,4.424778761061947,55.55555555555556
fiqa,df_band,DF>20_rel<0.1%,193,103,53.36787564766839,46.63212435233161,0.0,0.0,0.0,1.0362694300518136,1.0362694300518136,1.9417475728155338,7.253886010362693,7.253886010362693,13.592233009708737,11.917098445595855,11.917098445595855,22.330097087378643,33.160621761658035,33.160621761658035,62.13592233009708,38,19.689119170984455,80.31088082901555,0.0,0.0,0.0,4.66321243523316,4.66321243523316,23.684210526315788,3.6269430051813467,3.6269430051813467,18.421052631578945,2.5906735751295336,2.5906735751295336,13.157894736842104,8.808290155440414,8.808290155440414,44.73684210526316
fiqa,df_band,DF>20_rel>1%,4134,1342,32.46250604741171,67.53749395258829,0.21770682148040638,0.21770682148040638,0.6706408345752608,0.5079825834542816,0.5079825834542816,1.564828614008942,5.805515239477503,5.805515239477503,17.883755588673623,6.41025641025641,6.41025641025641,19.746646795827125,19.521044992743107,19.521044992743107,60.134128166915055,343,8.2970488630866,91.7029511369134,0.0,0.0,0.0,0.3386550556361877,0.3386550556361877,4.081632653061225,2.6124818577648767,2.6124818577648767,31.486880466472307,1.7658442186744074,1.7658442186744074,21.282798833819243,3.5800677310111273,3.5800677310111273,43.14868804664723
fiqa,df_band,DF>20_rel_0.1-1%,1372,604,44.02332361516035,55.97667638483965,0.21865889212827988,0.21865889212827988,0.49668874172185434,1.1661807580174928,1.1661807580174928,2.6490066225165565,5.539358600583091,5.539358600583091,12.582781456953644,11.005830903790088,11.005830903790088,25.0,26.0932944606414,26.0932944606414,59.27152317880795,219,15.962099125364432,84.03790087463557,0.0728862973760933,0.0728862973760933,0.45662100456621,1.4577259475218658,1.4577259475218658,9.1324200913242,4.227405247813411,4.227405247813411,26.48401826484018,4.081632653061225,4.081632653061225,25.570776255707763,6.122448979591836,6.122448979591836,38.35616438356164
fiqa,idf_decile,D1,2115,625,29.550827423167846,70.44917257683215,0.2364066193853428,0.2364066193853428,0.8,0.4728132387706856,0.4728132387706856,1.6,5.390070921985815,5.390070921985815,18.240000000000002,5.957446808510639,5.957446808510639,20.16,17.494089834515368,17.494089834515368,59.199999999999996,132,6.24113475177305,93.75886524822695,0.0,0.0,0.0,0.0,0.0,0.0,2.2222222222222223,2.2222222222222223,35.60606060606061,1.1347517730496455,1.1347517730496455,18.181818181818183,2.884160756501182,2.884160756501182,46.21212121212121
fiqa,idf_decile,D10,219,132,60.273972602739725,39.726027397260275,0.0,0.0,0.0,1.36986301369863,1.36986301369863,2.272727272727273,10.95890410958904,10.95890410958904,18.181818181818183,10.50228310502283,10.50228310502283,17.424242424242426,37.44292237442922,37.44292237442922,62.121212121212125,32,14.61187214611872,85.38812785388129,0.0,0.0,0.0,3.1963470319634704,3.1963470319634704,21.875,2.73972602739726,2.73972602739726,18.75,1.82648401826484,1.82648401826484,12.5,6.8493150684931505,6.8493150684931505,46.875
fiqa,idf_decile,D2,984,327,33.23170731707317,66.76829268292683,0.3048780487804878,0.3048780487804878,0.9174311926605505,0.3048780487804878,0.3048780487804878,0.9174311926605505,7.113821138211382,7.113821138211382,21.406727828746178,4.979674796747967,4.979674796747967,14.984709480122325,20.528455284552845,20.528455284552845,61.773700305810394,93,9.451219512195122,90.54878048780488,0.0,0.0,0.0,0.6097560975609756,0.6097560975609756,6.451612903225806,3.4552845528455287,3.4552845528455287,36.55913978494624,2.33739837398374,2.33739837398374,24.731182795698924,3.048780487804878,3.048780487804878,32.25806451612903
fiqa,idf_decile,D3,657,253,38.50837138508371,61.49162861491628,0.15220700152207,0.15220700152207,0.3952569169960474,0.30441400304414,0.30441400304414,0.7905138339920948,5.32724505327245,5.32724505327245,13.83399209486166,7.30593607305936,7.30593607305936,18.972332015810274,25.41856925418569,25.41856925418569,66.00790513833992,66,10.045662100456621,89.95433789954338,0.0,0.0,0.0,0.45662100456621,0.45662100456621,4.545454545454546,2.28310502283105,2.28310502283105,22.727272727272727,1.97869101978691,1.97869101978691,19.696969696969695,5.32724505327245,5.32724505327245,53.03030303030303
fiqa,idf_decile,D4,467,172,36.83083511777302,63.16916488222698,0.0,0.0,0.0,1.284796573875803,1.284796573875803,3.488372093023256,5.567451820128479,5.567451820128479,15.11627906976744,10.920770877944326,10.920770877944326,29.651162790697676,19.05781584582441,19.05781584582441,51.74418604651163,66,14.132762312633835,85.86723768736617,0.0,0.0,0.0,1.4989293361884368,1.4989293361884368,10.606060606060606,3.4261241970021414,3.4261241970021414,24.242424242424242,3.640256959314775,3.640256959314775,25.757575757575758,5.567451820128479,5.567451820128479,39.39393939393939
fiqa,idf_decile,D5,374,159,42.513368983957214,57.48663101604278,0.0,0.0,0.0,1.06951871657754,1.06951871657754,2.515723270440252,5.88235294117647,5.88235294117647,13.836477987421384,10.427807486631016,10.427807486631016,24.528301886792452,25.13368983957219,25.13368983957219,59.11949685534591,55,14.705882352941178,85.29411764705883,0.0,0.0,0.0,0.8021390374331552,0.8021390374331552,5.454545454545454,5.347593582887701,5.347593582887701,36.36363636363637,3.7433155080213902,3.7433155080213902,25.454545454545453,4.81283422459893,4.81283422459893,32.72727272727273
fiqa,idf_decile,D6,299,137,45.819397993311036,54.18060200668896,0.33444816053511706,0.33444816053511706,0.7299270072992701,1.6722408026755853,1.6722408026755853,3.64963503649635,6.354515050167224,6.354515050167224,13.86861313868613,12.37458193979933,12.37458193979933,27.00729927007299,25.08361204013378,25.08361204013378,54.74452554744526,57,19.063545150501675,80.93645484949833,0.0,0.0,0.0,1.3377926421404682,1.3377926421404682,7.017543859649122,4.013377926421405,4.013377926421405,21.052631578947366,4.682274247491638,4.682274247491638,24.561403508771928,9.03010033444816,9.03010033444816,47.368421052631575
fiqa,idf_decile,D7,265,97,36.60377358490566,63.39622641509434,0.37735849056603776,0.37735849056603776,1.0309278350515463,0.37735849056603776,0.37735849056603776,1.0309278350515463,3.3962264150943398,3.3962264150943398,9.278350515463918,9.433962264150944,9.433962264150944,25.773195876288657,23.0188679245283,23.0188679245283,62.88659793814433,42,15.849056603773585,84.15094339622642,0.37735849056603776,0.37735849056603776,2.380952380952381,1.509433962264151,1.509433962264151,9.523809523809524,3.3962264150943398,3.3962264150943398,21.428571428571427,4.905660377358491,4.905660377358491,30.952380952380953,5.660377358490567,5.660377358490567,35.714285714285715
fiqa,idf_decile,D8,246,119,48.3739837398374,51.6260162601626,0.0,0.0,0.0,0.8130081300813009,0.8130081300813009,1.680672268907563,5.691056910569105,5.691056910569105,11.76470588235294,10.569105691056912,10.569105691056912,21.84873949579832,31.300813008130078,31.300813008130078,64.70588235294117,36,14.634146341463413,85.36585365853658,0.0,0.0,0.0,2.0325203252032518,2.0325203252032518,13.88888888888889,3.6585365853658534,3.6585365853658534,25.0,3.2520325203252036,3.2520325203252036,22.22222222222222,5.691056910569105,5.691056910569105,38.88888888888889
fiqa,idf_decile,D9,222,119,53.6036036036036,46.3963963963964,0.45045045045045046,0.45045045045045046,0.8403361344537815,2.7027027027027026,2.7027027027027026,5.042016806722689,4.954954954954955,4.954954954954955,9.243697478991598,12.162162162162163,12.162162162162163,22.689075630252102,33.33333333333333,33.33333333333333,62.18487394957983,40,18.01801801801802,81.98198198198197,0.0,0.0,0.0,2.7027027027027026,2.7027027027027026,15.0,3.6036036036036037,3.6036036036036037,20.0,3.153153153153153,3.153153153153153,17.5,8.558558558558559,8.558558558558559,47.5
scidocs,df_band,DF=2-5,228,64,28.07017543859649,71.9298245614035,0.0,0.0,0.0,0.0,0.0,0.0,1.7543859649122806,1.7543859649122806,6.25,5.701754385964912,5.701754385964912,20.3125,20.614035087719298,20.614035087719298,73.4375,142,62.28070175438597,37.719298245614034,4.824561403508771,4.824561403508771,7.746478873239436,8.771929824561402,8.771929824561402,14.084507042253522,10.964912280701753,10.964912280701753,17.6056338028169,13.596491228070176,13.596491228070176,21.830985915492956,24.12280701754386,24.12280701754386,38.732394366197184
scidocs,df_band,DF=6-20,416,137,32.93269230769231,67.0673076923077,0.0,0.0,0.0,0.2403846153846154,0.2403846153846154,0.7299270072992701,3.8461538461538463,3.8461538461538463,11.678832116788321,3.6057692307692304,3.6057692307692304,10.948905109489052,25.240384615384613,25.240384615384613,76.64233576642336,174,41.82692307692308,58.17307692307693,5.528846153846153,5.528846153846153,13.218390804597702,4.086538461538462,4.086538461538462,9.770114942528735,7.211538461538461,7.211538461538461,17.24137931034483,8.89423076923077,8.89423076923077,21.26436781609195,16.105769230769234,16.105769230769234,38.50574712643678
scidocs,df_band,DF>20_rel<0.1%,103,35,33.980582524271846,66.01941747572816,0.0,0.0,0.0,0.0,0.0,0.0,6.796116504854369,6.796116504854369,20.0,1.9417475728155338,1.9417475728155338,5.714285714285714,25.24271844660194,25.24271844660194,74.28571428571429,39,37.86407766990291,62.13592233009708,3.8834951456310676,3.8834951456310676,10.256410256410255,1.9417475728155338,1.9417475728155338,5.128205128205128,6.796116504854369,6.796116504854369,17.94871794871795,16.50485436893204,16.50485436893204,43.58974358974359,8.737864077669903,8.737864077669903,23.076923076923077
scidocs,df_band,DF>20_rel>1%,7640,1296,16.963350785340314,83.03664921465969,0.09162303664921466,0.09162303664921466,0.5401234567901234,0.4319371727748691,0.4319371727748691,2.5462962962962963,1.7408376963350785,1.7408376963350785,10.262345679012345,2.7094240837696333,2.7094240837696333,15.972222222222221,11.989528795811518,11.989528795811518,70.67901234567901,1471,19.25392670157068,80.74607329842932,2.513089005235602,2.513089005235602,13.052345343303875,1.0994764397905759,1.0994764397905759,5.710401087695445,3.848167539267016,3.848167539267016,19.986403806934057,4.018324607329843,4.018324607329843,20.87015635622026,7.774869109947644,7.774869109947644,40.380693405846365
scidocs,df_band,DF>20_rel_0.1-1%,2219,546,24.605678233438486,75.39432176656152,0.04506534474988734,0.04506534474988734,0.18315018315018314,0.135196034249662,0.135196034249662,0.5494505494505495,2.9292474087426768,2.9292474087426768,11.904761904761903,2.6137899954934656,2.6137899954934656,10.622710622710622,18.882379450202794,18.882379450202794,76.73992673992674,757,34.114465975664714,65.88553402433529,4.146011716989635,4.146011716989635,12.15323645970938,1.2167643082469581,1.2167643082469581,3.5667107001321003,8.066696710229833,8.066696710229833,23.645970937912814,5.813429472735467,5.813429472735467,17.040951122853368,14.87156376746282,14.87156376746282,43.59313077939234
scidocs,idf_decile,D1,4243,689,16.238510487862364,83.76148951213764,0.047136460051850106,0.047136460051850106,0.29027576197387517,0.6599104407259014,0.6599104407259014,4.063860667634253,1.8383219420221542,1.8383219420221542,11.320754716981133,2.5218006127739807,2.5218006127739807,15.529753265602322,11.171341032288474,11.171341032288474,68.79535558780842,660,15.555031817110535,84.44496818288947,1.8383219420221542,1.8383219420221542,11.818181818181818,1.0841385811925524,1.0841385811925524,6.969696969696971,2.7810511430591562,2.7810511430591562,17.87878787878788,3.3702568937072823,3.3702568937072823,21.666666666666668,6.48126325712939,6.48126325712939,41.66666666666667
scidocs,idf_decile,D10,306,86,28.104575163398692,71.89542483660131,0.0,0.0,0.0,0.0,0.0,0.0,2.6143790849673203,2.6143790849673203,9.30232558139535,4.248366013071895,4.248366013071895,15.11627906976744,21.241830065359476,21.241830065359476,75.5813953488372,177,57.84313725490197,42.15686274509804,5.88235294117647,5.88235294117647,10.16949152542373,8.169934640522875,8.169934640522875,14.124293785310735,9.15032679738562,9.15032679738562,15.819209039548024,13.071895424836603,13.071895424836603,22.598870056497177,21.568627450980394,21.568627450980394,37.28813559322034
scidocs,idf_decile,D2,1818,302,16.611661166116612,83.3883388338834,0.16501650165016502,0.16501650165016502,0.9933774834437087,0.22002200220022,0.22002200220022,1.3245033112582782,1.65016501650165,1.65016501650165,9.933774834437086,2.5302530253025304,2.5302530253025304,15.2317880794702,12.046204620462046,12.046204620462046,72.51655629139073,376,20.68206820682068,79.31793179317933,2.6402640264026402,2.6402640264026402,12.76595744680851,1.0451045104510452,1.0451045104510452,5.053191489361701,4.07040704070407,4.07040704070407,19.680851063829788,4.180418041804181,4.180418041804181,20.212765957446805,8.745874587458747,8.745874587458747,42.28723404255319
scidocs,idf_decile,D3,1203,232,19.285120532003326,80.71487946799667,0.0,0.0,0.0,0.0831255195344971,0.0831255195344971,0.43103448275862066,1.99501246882793,1.99501246882793,10.344827586206897,2.9925187032418954,2.9925187032418954,15.517241379310345,14.214463840399002,14.214463840399002,73.70689655172413,334,27.763923524522028,72.23607647547797,4.405652535328346,4.405652535328346,15.868263473053892,1.2468827930174564,1.2468827930174564,4.491017964071856,6.317539484621778,6.317539484621778,22.75449101796407,5.901911886949293,5.901911886949293,21.25748502994012,9.891936824605153,9.891936824605153,35.62874251497006
scidocs,idf_decile,D4,796,166,20.85427135678392,79.14572864321609,0.25125628140703515,0.25125628140703515,1.2048192771084338,0.0,0.0,0.0,1.0050251256281406,1.0050251256281406,4.819277108433735,3.6432160804020097,3.6432160804020097,17.46987951807229,15.954773869346733,15.954773869346733,76.50602409638554,237,29.773869346733665,70.22613065326632,3.8944723618090453,3.8944723618090453,13.080168776371309,1.1306532663316584,1.1306532663316584,3.79746835443038,7.160804020100503,7.160804020100503,24.050632911392405,5.402010050251256,5.402010050251256,18.143459915611814,12.185929648241206,12.185929648241206,40.92827004219409
scidocs,idf_decile,D5,572,127,22.202797202797203,77.7972027972028,0.17482517482517482,0.17482517482517482,0.7874015748031495,0.17482517482517482,0.17482517482517482,0.7874015748031495,2.972027972027972,2.972027972027972,13.385826771653544,2.972027972027972,2.972027972027972,13.385826771653544,15.909090909090908,15.909090909090908,71.65354330708661,176,30.76923076923077,69.23076923076923,4.72027972027972,4.72027972027972,15.340909090909092,0.6993006993006993,0.6993006993006993,2.272727272727273,5.594405594405594,5.594405594405594,18.181818181818183,4.72027972027972,4.72027972027972,15.340909090909092,15.034965034965033,15.034965034965033,48.86363636363637
scidocs,idf_decile,D6,481,120,24.94802494802495,75.05197505197505,0.0,0.0,0.0,0.0,0.0,0.0,3.9501039501039505,3.9501039501039505,15.833333333333332,3.118503118503119,3.118503118503119,12.5,17.87941787941788,17.87941787941788,71.66666666666667,146,30.353430353430355,69.64656964656965,2.9106029106029108,2.9106029106029108,9.58904109589041,1.6632016632016633,1.6632016632016633,5.47945205479452,6.860706860706861,6.860706860706861,22.602739726027394,4.158004158004158,4.158004158004158,13.698630136986301,14.760914760914762,14.760914760914762,48.63013698630137
scidocs,idf_decile,D7,438,120,27.397260273972602,72.6027397260274,0.0,0.0,0.0,0.228310502283105,0.228310502283105,0.8333333333333334,3.4246575342465753,3.4246575342465753,12.5,1.36986301369863,1.36986301369863,5.0,22.37442922374429,22.37442922374429,81.66666666666667,171,39.04109589041096,60.95890410958904,5.0228310502283104,5.0228310502283104,12.865497076023392,1.141552511415525,1.141552511415525,2.923976608187134,11.643835616438356,11.643835616438356,29.82456140350877,5.707762557077626,5.707762557077626,14.619883040935672,15.52511415525114,15.52511415525114,39.76608187134503
scidocs,idf_decile,D8,384,115,29.947916666666668,70.05208333333334,0.0,0.0,0.0,0.26041666666666663,0.26041666666666663,0.8695652173913043,3.3854166666666665,3.3854166666666665,11.304347826086957,2.864583333333333,2.864583333333333,9.565217391304348,23.4375,23.4375,78.26086956521739,160,41.66666666666667,58.333333333333336,3.6458333333333335,3.6458333333333335,8.75,1.8229166666666667,1.8229166666666667,4.375,9.895833333333332,9.895833333333332,23.75,11.71875,11.71875,28.125,14.583333333333334,14.583333333333334,35.0
scidocs,idf_decile,D9,365,121,33.15068493150685,66.84931506849315,0.0,0.0,0.0,0.273972602739726,0.273972602739726,0.8264462809917356,3.5616438356164384,3.5616438356164384,10.743801652892563,4.10958904109589,4.10958904109589,12.396694214876034,25.205479452054796,25.205479452054796,76.03305785123968,146,40.0,60.0,4.657534246575342,4.657534246575342,11.643835616438356,3.287671232876712,3.287671232876712,8.21917808219178,7.671232876712329,7.671232876712329,19.17808219178082,8.493150684931507,8.493150684931507,21.232876712328768,15.890410958904111,15.890410958904111,39.726027397260275
arguana,df_band,DF=2-5,34,12,35.294117647058826,64.70588235294117,0.0,0.0,0.0,2.941176470588235,2.941176470588235,8.333333333333332,5.88235294117647,5.88235294117647,16.666666666666664,0.0,0.0,0.0,26.47058823529412,26.47058823529412,75.0,0,0.0,100.0,0.0,0.0,0.0,0.0,0.0,0.0,0.0,0.0,0.0,0.0,0.0,0.0,0.0,0.0,0.0
arguana,df_band,DF=6-20,138,41,29.71014492753623,70.28985507246377,0.0,0.0,0.0,0.0,0.0,0.0,1.4492753623188406,1.4492753623188406,4.878048780487805,2.1739130434782608,2.1739130434782608,7.317073170731707,26.08695652173913,26.08695652173913,87.8048780487805,0,0.0,100.0,0.0,0.0,0.0,0.0,0.0,0.0,0.0,0.0,0.0,0.0,0.0,0.0,0.0,0.0,0.0
arguana,df_band,DF>20_rel>1%,1250,270,21.6,78.4,0.64,0.64,2.9629629629629632,0.88,0.88,4.074074074074074,1.04,1.04,4.814814814814815,4.3999999999999995,4.3999999999999995,20.37037037037037,14.64,14.64,67.77777777777779,0,0.0,100.0,0.0,0.0,0.0,0.0,0.0,0.0,0.0,0.0,0.0,0.0,0.0,0.0,0.0,0.0,0.0
arguana,df_band,DF>20_rel_0.1-1%,283,77,27.208480565371023,72.79151943462897,0.35335689045936397,0.35335689045936397,1.2987012987012987,1.0600706713780919,1.0600706713780919,3.896103896103896,2.1201413427561837,2.1201413427561837,7.792207792207792,1.4134275618374559,1.4134275618374559,5.194805194805195,22.261484098939928,22.261484098939928,81.81818181818183,0,0.0,100.0,0.0,0.0,0.0,0.0,0.0,0.0,0.0,0.0,0.0,0.0,0.0,0.0,0.0,0.0,0.0
arguana,idf_decile,D1,315,65,20.634920634920633,79.36507936507937,0.31746031746031744,0.31746031746031744,1.5384615384615385,1.5873015873015872,1.5873015873015872,7.6923076923076925,0.31746031746031744,0.31746031746031744,1.5384615384615385,6.031746031746032,6.031746031746032,29.230769230769234,12.380952380952381,12.380952380952381,60.0,0,0.0,100.0,0.0,0.0,0.0,0.0,0.0,0.0,0.0,0.0,0.0,0.0,0.0,0.0,0.0,0.0,0.0
arguana,idf_decile,D10,103,29,28.155339805825243,71.84466019417476,0.0,0.0,0.0,0.9708737864077669,0.9708737864077669,3.4482758620689653,2.912621359223301,2.912621359223301,10.344827586206897,0.9708737864077669,0.9708737864077669,3.4482758620689653,23.300970873786408,23.300970873786408,82.75862068965517,0,0.0,100.0,0.0,0.0,0.0,0.0,0.0,0.0,0.0,0.0,0.0,0.0,0.0,0.0,0.0,0.0,0.0
arguana,idf_decile,D2,253,51,20.158102766798418,79.84189723320159,0.0,0.0,0.0,0.3952569169960474,0.3952569169960474,1.9607843137254901,1.185770750988142,1.185770750988142,5.88235294117647,5.928853754940711,5.928853754940711,29.411764705882355,12.648221343873518,12.648221343873518,62.745098039215684,0,0.0,100.0,0.0,0.0,0.0,0.0,0.0,0.0,0.0,0.0,0.0,0.0,0.0,0.0,0.0,0.0,0.0
arguana,idf_decile,D3,212,42,19.81132075471698,80.18867924528303,1.8867924528301887,1.8867924528301887,9.523809523809524,0.4716981132075472,0.4716981132075472,2.380952380952381,1.4150943396226416,1.4150943396226416,7.142857142857142,5.188679245283019,5.188679245283019,26.190476190476193,10.849056603773585,10.849056603773585,54.761904761904766,0,0.0,100.0,0.0,0.0,0.0,0.0,0.0,0.0,0.0,0.0,0.0,0.0,0.0,0.0,0.0,0.0,0.0
arguana,idf_decile,D4,180,38,21.11111111111111,78.88888888888889,0.5555555555555556,0.5555555555555556,2.631578947368421,0.0,0.0,0.0,0.5555555555555556,0.5555555555555556,2.631578947368421,1.1111111111111112,1.1111111111111112,5.263157894736842,18.88888888888889,18.88888888888889,89.47368421052632,0,0.0,100.0,0.0,0.0,0.0,0.0,0.0,0.0,0.0,0.0,0.0,0.0,0.0,0.0,0.0,0.0,0.0
arguana,idf_decile,D5,144,27,18.75,81.25,0.6944444444444444,0.6944444444444444,3.7037037037037033,2.7777777777777777,2.7777777777777777,14.814814814814813,2.083333333333333,2.083333333333333,11.11111111111111,0.0,0.0,0.0,13.194444444444445,13.194444444444445,70.37037037037037,0,0.0,100.0,0.0,0.0,0.0,0.0,0.0,0.0,0.0,0.0,0.0,0.0,0.0,0.0,0.0,0.0,0.0
arguana,idf_decile,D6,139,44,31.654676258992804,68.34532374100719,0.7194244604316548,0.7194244604316548,2.272727272727273,0.0,0.0,0.0,1.4388489208633095,1.4388489208633095,4.545454545454546,5.755395683453238,5.755395683453238,18.181818181818183,23.741007194244602,23.741007194244602,75.0,0,0.0,100.0,0.0,0.0,0.0,0.0,0.0,0.0,0.0,0.0,0.0,0.0,0.0,0.0,0.0,0.0,0.0
arguana,idf_decile,D7,122,35,28.688524590163933,71.31147540983606,0.819672131147541,0.819672131147541,2.857142857142857,1.639344262295082,1.639344262295082,5.714285714285714,2.459016393442623,2.459016393442623,8.571428571428571,2.459016393442623,2.459016393442623,8.571428571428571,21.311475409836063,21.311475409836063,74.28571428571429,0,0.0,100.0,0.0,0.0,0.0,0.0,0.0,0.0,0.0,0.0,0.0,0.0,0.0,0.0,0.0,0.0,0.0
arguana,idf_decile,D8,121,33,27.27272727272727,72.72727272727273,0.0,0.0,0.0,0.8264462809917356,0.8264462809917356,3.0303030303030303,2.479338842975207,2.479338842975207,9.090909090909092,0.8264462809917356,0.8264462809917356,3.0303030303030303,23.140495867768596,23.140495867768596,84.84848484848484,0,0.0,100.0,0.0,0.0,0.0,0.0,0.0,0.0,0.0,0.0,0.0,0.0,0.0,0.0,0.0,0.0,0.0
arguana,idf_decile,D9,116,36,31.03448275862069,68.96551724137932,0.0,0.0,0.0,0.0,0.0,0.0,0.8620689655172413,0.8620689655172413,2.7777777777777777,1.7241379310344827,1.7241379310344827,5.555555555555555,28.448275862068968,28.448275862068968,91.66666666666666,0,0.0,100.0,0.0,0.0,0.0,0.0,0.0,0.0,0.0,0.0,0.0,0.0,0.0,0.0,0.0,0.0,0.0
bright_stackoverflow,df_band,DF=2-5,400,69,17.25,82.75,0.0,0.0,0.0,0.0,0.0,0.0,2.5,2.5,14.492753623188406,3.5000000000000004,3.5000000000000004,20.28985507246377,11.25,11.25,65.21739130434783,49,12.25,87.75,0.25,0.25,2.0408163265306123,0.25,0.25,2.0408163265306123,0.25,0.25,2.0408163265306123,7.249999999999999,7.249999999999999,59.183673469387756,4.25,4.25,34.69387755102041
bright_stackoverflow,df_band,DF=6-20,509,59,11.591355599214145,88.40864440078585,0.19646365422396855,0.19646365422396855,1.694915254237288,0.0,0.0,0.0,0.5893909626719057,0.5893909626719057,5.084745762711865,2.5540275049115913,2.5540275049115913,22.033898305084744,8.25147347740668,8.25147347740668,71.1864406779661,46,9.037328094302556,90.96267190569745,0.3929273084479371,0.3929273084479371,4.3478260869565215,0.0,0.0,0.0,2.5540275049115913,2.5540275049115913,28.26086956521739,1.768172888015717,1.768172888015717,19.565217391304348,4.322200392927308,4.322200392927308,47.82608695652174
bright_stackoverflow,df_band,DF>20_rel<0.1%,835,92,11.017964071856287,88.98203592814372,0.23952095808383234,0.23952095808383234,2.1739130434782608,0.0,0.0,0.0,0.5988023952095809,0.5988023952095809,5.434782608695652,2.874251497005988,2.874251497005988,26.08695652173913,7.3053892215568865,7.3053892215568865,66.30434782608695,50,5.9880239520958085,94.01197604790418,0.11976047904191617,0.11976047904191617,2.0,0.11976047904191617,0.11976047904191617,2.0,0.3592814371257485,0.3592814371257485,6.0,0.5988023952095809,0.5988023952095809,10.0,4.790419161676647,4.790419161676647,80.0
bright_stackoverflow,df_band,DF>20_rel>1%,5137,379,7.37784699240802,92.62215300759198,0.33093245084679773,0.33093245084679773,4.485488126649076,0.1362663032898579,0.1362663032898579,1.8469656992084433,0.9733307377846991,0.9733307377846991,13.192612137203167,1.421062877165661,1.421062877165661,19.261213720316622,4.516254623321005,4.516254623321005,61.21372031662269,194,3.776523262604633,96.22347673739536,0.0,0.0,0.0,0.29199922133540973,0.29199922133540973,7.731958762886598,0.8565310492505354,0.8565310492505354,22.68041237113402,0.5645318279151256,0.5645318279151256,14.948453608247423,2.0634611641035625,2.0634611641035625,54.63917525773196
bright_stackoverflow,df_band,DF>20_rel_0.1-1%,2782,230,8.267433501078362,91.73256649892164,0.10783608914450035,0.10783608914450035,1.3043478260869565,0.2156721782890007,0.2156721782890007,2.608695652173913,0.46728971962616817,0.46728971962616817,5.6521739130434785,0.9705248023005032,0.9705248023005032,11.73913043478261,6.506110711718188,6.506110711718188,78.69565217391305,133,4.780733285406183,95.21926671459381,0.03594536304816679,0.03594536304816679,0.7518796992481203,0.7189072609633357,0.7189072609633357,15.037593984962406,0.4313443565780014,0.4313443565780014,9.022556390977442,0.4313443565780014,0.4313443565780014,9.022556390977442,3.163191948238677,3.163191948238677,66.16541353383458
bright_stackoverflow,idf_decile,D1,3343,235,7.029614119054742,92.97038588094526,0.4786120251271313,0.4786120251271313,6.808510638297872,0.08973975471133712,0.08973975471133712,1.276595744680851,1.0170505533951542,1.0170505533951542,14.468085106382977,1.4956625785222852,1.4956625785222852,21.27659574468085,3.9485492072988335,3.9485492072988335,56.17021276595745,115,3.440023930601256,96.55997606939874,0.0,0.0,0.0,0.20939276099311996,0.20939276099311996,6.086956521739131,1.0170505533951542,1.0170505533951542,29.565217391304348,0.4786120251271313,0.4786120251271313,13.91304347826087,1.734968591085851,1.734968591085851,50.43478260869565
bright_stackoverflow,idf_decile,D10,324,56,17.28395061728395,82.71604938271605,0.0,0.0,0.0,0.0,0.0,0.0,2.1604938271604937,2.1604938271604937,12.5,3.3950617283950617,3.3950617283950617,19.642857142857142,11.728395061728394,11.728395061728394,67.85714285714286,42,12.962962962962962,87.03703703703704,0.30864197530864196,0.30864197530864196,2.380952380952381,0.30864197530864196,0.30864197530864196,2.380952380952381,0.0,0.0,0.0,8.024691358024691,8.024691358024691,61.904761904761905,4.320987654320987,4.320987654320987,33.33333333333333
bright_stackoverflow,idf_decile,D2,1745,138,7.908309455587393,92.09169054441261,0.05730659025787965,0.05730659025787965,0.7246376811594203,0.2292263610315186,0.2292263610315186,2.898550724637681,0.9169054441260744,0.9169054441260744,11.594202898550725,1.2607449856733524,1.2607449856733524,15.942028985507244,5.444126074498568,5.444126074498568,68.84057971014492,78,4.469914040114613,95.5300859598854,0.0,0.0,0.0,0.4584527220630372,0.4584527220630372,10.256410256410255,0.5157593123209169,0.5157593123209169,11.538461538461538,0.7449856733524355,0.7449856733524355,16.666666666666664,2.7507163323782233,2.7507163323782233,61.53846153846154
bright_stackoverflow,idf_decile,D3,1169,101,8.639863130881094,91.3601368691189,0.1710863986313088,0.1710863986313088,1.9801980198019802,0.2566295979469632,0.2566295979469632,2.9702970297029703,0.42771599657827203,0.42771599657827203,4.9504950495049505,0.8554319931565441,0.8554319931565441,9.900990099009901,6.9289991445680075,6.9289991445680075,80.19801980198021,58,4.961505560307955,95.03849443969204,0.0855431993156544,0.0855431993156544,1.7241379310344827,0.7698887938408896,0.7698887938408896,15.517241379310345,0.7698887938408896,0.7698887938408896,15.517241379310345,0.1710863986313088,0.1710863986313088,3.4482758620689653,3.165098374679213,3.165098374679213,63.793103448275865
bright_stackoverflow,idf_decile,D4,851,73,8.578143360752057,91.42185663924795,0.11750881316098707,0.11750881316098707,1.36986301369863,0.11750881316098707,0.11750881316098707,1.36986301369863,0.35252643948296125,0.35252643948296125,4.10958904109589,0.7050528789659225,0.7050528789659225,8.21917808219178,7.285546415981199,7.285546415981199,84.93150684931507,40,4.700352526439483,95.29964747356053,0.0,0.0,0.0,1.0575793184488838,1.0575793184488838,22.5,0.23501762632197415,0.23501762632197415,5.0,0.5875440658049353,0.5875440658049353,12.5,2.82021151586369,2.82021151586369,60.0
bright_stackoverflow,idf_decile,D5,627,48,7.655502392344498,92.34449760765551,0.0,0.0,0.0,0.3189792663476874,0.3189792663476874,4.166666666666666,0.6379585326953748,0.6379585326953748,8.333333333333332,1.1164274322169059,1.1164274322169059,14.583333333333334,5.582137161084529,5.582137161084529,72.91666666666666,33,5.263157894736842,94.73684210526315,0.0,0.0,0.0,0.3189792663476874,0.3189792663476874,6.0606060606060606,0.3189792663476874,0.3189792663476874,6.0606060606060606,0.6379585326953748,0.6379585326953748,12.121212121212121,3.9872408293460926,3.9872408293460926,75.75757575757575
bright_stackoverflow,idf_decile,D6,476,44,9.243697478991598,90.75630252100841,0.0,0.0,0.0,0.0,0.0,0.0,0.6302521008403361,0.6302521008403361,6.8181818181818175,2.5210084033613445,2.5210084033613445,27.27272727272727,6.092436974789916,6.092436974789916,65.9090909090909,19,3.9915966386554618,96.00840336134453,0.0,0.0,0.0,0.0,0.0,0.0,0.21008403361344538,0.21008403361344538,5.263157894736842,0.8403361344537815,0.8403361344537815,21.052631578947366,2.941176470588235,2.941176470588235,73.68421052631578
bright_stackoverflow,idf_decile,D7,392,43,10.96938775510204,89.03061224489795,0.5102040816326531,0.5102040816326531,4.651162790697675,0.0,0.0,0.0,0.5102040816326531,0.5102040816326531,4.651162790697675,2.806122448979592,2.806122448979592,25.581395348837212,7.142857142857142,7.142857142857142,65.11627906976744,25,6.377551020408164,93.62244897959184,0.25510204081632654,0.25510204081632654,4.0,0.25510204081632654,0.25510204081632654,4.0,0.5102040816326531,0.5102040816326531,8.0,0.5102040816326531,0.5102040816326531,8.0,4.846938775510204,4.846938775510204,76.0
bright_stackoverflow,idf_decile,D8,378,45,11.904761904761903,88.09523809523809,0.26455026455026454,0.26455026455026454,2.2222222222222223,0.0,0.0,0.0,0.5291005291005291,0.5291005291005291,4.444444444444445,3.439153439153439,3.439153439153439,28.888888888888886,7.671957671957672,7.671957671957672,64.44444444444444,30,7.936507936507936,92.06349206349206,0.0,0.0,0.0,0.0,0.0,0.0,0.7936507936507936,0.7936507936507936,10.0,1.5873015873015872,1.5873015873015872,20.0,5.555555555555555,5.555555555555555,70.0
bright_stackoverflow,idf_decile,D9,358,46,12.849162011173185,87.15083798882681,0.0,0.0,0.0,0.0,0.0,0.0,1.3966480446927374,1.3966480446927374,10.869565217391305,2.5139664804469275,2.5139664804469275,19.565217391304348,8.938547486033519,8.938547486033519,69.56521739130434,32,8.938547486033519,91.06145251396647,0.5586592178770949,0.5586592178770949,6.25,0.0,0.0,0.0,3.072625698324022,3.072625698324022,34.375,1.675977653631285,1.675977653631285,18.75,3.6312849162011176,3.6312849162011176,40.625
