dataset,policy,capacity,oracle_ndcg10,delta_ndcg10,oracle_r1000,delta_r1000,pct_retained_vs_eligible,recall_safe_query_rate,ranking_safe_query_rate
scifact,salience,1000,0.857300552264417,0.21289134280243738,1.0,0.020000000000000018,81.09050143240732,0.02,0.24
scifact,salience,2500,0.87606842603152,0.23165921656954036,1.0,0.020000000000000018,88.23920120836215,0.02,0.28
scifact,salience,5000,0.8935706265956107,0.24916141713363105,1.0,0.020000000000000018,94.90580493789824,0.02,0.3
scifact,salience,10000,0.9069446964078733,0.2625354869458937,1.0,0.020000000000000018,100.00000000000004,0.02,0.3
scifact,salience,15000,0.9069446964078733,0.2625354869458937,1.0,0.020000000000000018,100.00000000000004,0.02,0.3
scifact,salience,20000,0.9069446964078733,0.2625354869458937,1.0,0.020000000000000018,100.00000000000004,0.02,0.3
scifact,specificity,1000,0.8642145573148885,0.21980534785290884,0.9987999999999999,0.018799999999999928,83.72405209289246,0.02,0.22
scifact,specificity,2500,0.8958335704509198,0.25142436098894017,1.0,0.020000000000000018,95.76776226093834,0.02,0.3
scifact,specificity,5000,0.8958335704509198,0.25142436098894017,1.0,0.020000000000000018,95.76776226093834,0.02,0.3
scifact,specificity,10000,0.9069446964078733,0.2625354869458937,1.0,0.020000000000000018,100.00000000000004,0.02,0.3
scifact,specificity,15000,0.9069446964078733,0.2625354869458937,1.0,0.020000000000000018,100.00000000000004,0.02,0.3
scifact,specificity,20000,0.9069446964078733,0.2625354869458937,1.0,0.020000000000000018,100.00000000000004,0.02,0.3
scifact,hybrid,1000,0.8642145573148885,0.21980534785290884,0.9987999999999999,0.018799999999999928,83.72405209289246,0.02,0.22
scifact,hybrid,2500,0.8958335704509198,0.25142436098894017,1.0,0.020000000000000018,95.76776226093834,0.02,0.3
scifact,hybrid,5000,0.8958335704509198,0.25142436098894017,1.0,0.020000000000000018,95.76776226093834,0.02,0.3
scifact,hybrid,10000,0.9069446964078733,0.2625354869458937,1.0,0.020000000000000018,100.00000000000004,0.02,0.3
scifact,hybrid,15000,0.9069446964078733,0.2625354869458937,1.0,0.020000000000000018,100.00000000000004,0.02,0.3
scifact,hybrid,20000,0.9069446964078733,0.2625354869458937,1.0,0.020000000000000018,100.00000000000004,0.02,0.3
scifact,stratified,1000,0.8650755491038358,0.2206663396418561,1.0,0.020000000000000018,84.05200462950506,0.02,0.18
scifact,stratified,2500,0.8835706265956107,0.23916141713363104,1.0,0.020000000000000018,91.09679606205779,0.02,0.26
scifact,stratified,5000,0.8984521655223489,0.2540429560603692,1.0,0.020000000000000018,96.76518744786887,0.02,0.3
scifact,stratified,10000,0.9069446964078733,0.2625354869458937,1.0,0.020000000000000018,100.00000000000004,0.02,0.3
scifact,stratified,15000,0.9069446964078733,0.2625354869458937,1.0,0.020000000000000018,100.00000000000004,0.02,0.3
scifact,stratified,20000,0.9069446964078733,0.2625354869458937,1.0,0.020000000000000018,100.00000000000004,0.02,0.3
scifact,coverage,1000,0.8274292214913185,0.18302001202933882,1.0,0.020000000000000018,69.71248502761752,0.02,0.18
scifact,coverage,2500,0.8694458854846714,0.22503667602269173,1.0,0.020000000000000018,85.71666963600619,0.02,0.22
scifact,coverage,5000,0.8854416702689432,0.2410324608069635,1.0,0.020000000000000018,91.80947825793864,0.02,0.24
scifact,coverage,10000,0.904326101336444,0.2599168918744643,1.0,0.020000000000000018,99.0025748130694,0.02,0.3
scifact,coverage,15000,0.9069446964078733,0.2625354869458937,1.0,0.020000000000000018,100.00000000000004,0.02,0.3
scifact,coverage,20000,0.9069446964078733,0.2625354869458937,1.0,0.020000000000000018,100.00000000000004,0.02,0.3
bright_aops,salience,1000,0.0883026984104252,0.051075825331159716,0.5803571428571428,0.12142857142857139,58.54819057434355,0.02,0.02
bright_aops,salience,2500,0.10210130782279425,0.06487443474352876,0.6070238095238095,0.1480952380952381,74.36552897853474,0.02,0.02
bright_aops,salience,5000,0.11362667229793183,0.07639979921866634,0.6145238095238095,0.15559523809523806,87.57704795750377,0.04,0.02
bright_aops,salience,10000,0.12231918856017657,0.08509231548091108,0.6178571428571429,0.15892857142857147,97.54127458316736,0.04,0.02
bright_aops,salience,15000,0.12231918856017657,0.08509231548091108,0.6178571428571429,0.15892857142857147,97.54127458316736,0.04,0.02
bright_aops,salience,20000,0.12446411274477566,0.08723723966551017,0.6178571428571429,0.15892857142857147,100.0,0.04,0.02
bright_aops,specificity,1000,0.09072477425927897,0.05349790118001348,0.5403928571428571,0.08146428571428571,61.3246147919605,0.0,0.02
bright_aops,specificity,2500,0.10621726852650427,0.06899039544723878,0.5837023809523809,0.12477380952380951,79.08365247658634,0.04,0.02
bright_aops,specificity,5000,0.11383479569458077,0.07660792261531528,0.6128571428571429,0.15392857142857147,87.81561969297698,0.04,0.02
bright_aops,specificity,10000,0.12231918856017657,0.08509231548091108,0.6178571428571429,0.15892857142857147,97.54127458316736,0.04,0.02
bright_aops,specificity,15000,0.12446411274477566,0.08723723966551017,0.6178571428571429,0.15892857142857147,100.0,0.04,0.02
bright_aops,specificity,20000,0.12446411274477566,0.08723723966551017,0.6178571428571429,0.15892857142857147,100.0,0.04,0.02
bright_aops,hybrid,1000,0.08663712630750925,0.04941025322824376,0.5403928571428571,0.08146428571428571,56.63894618593536,0.0,0.02
bright_aops,hybrid,2500,0.10621726852650427,0.06899039544723878,0.5837023809523809,0.12477380952380951,79.08365247658634,0.04,0.02
bright_aops,hybrid,5000,0.11383479569458077,0.07660792261531528,0.6128571428571429,0.15392857142857147,87.81561969297698,0.04,0.02
bright_aops,hybrid,10000,0.12231918856017657,0.08509231548091108,0.6178571428571429,0.15892857142857147,97.54127458316736,0.04,0.02
bright_aops,hybrid,15000,0.12446411274477566,0.08723723966551017,0.6178571428571429,0.15892857142857147,100.0,0.04,0.02
bright_aops,hybrid,20000,0.12446411274477566,0.08723723966551017,0.6178571428571429,0.15892857142857147,100.0,0.04,0.02
bright_aops,stratified,1000,0.08052114690811553,0.04329427382885004,0.5828571428571427,0.12392857142857133,49.62820235354916,0.02,0.02
bright_aops,stratified,2500,0.0923860832860071,0.05515921020674161,0.5995238095238095,0.14059523809523805,63.228972418471855,0.02,0.02
bright_aops,stratified,5000,0.10756035398624625,0.07033348090698076,0.6095238095238095,0.15059523809523806,80.62323060273029,0.02,0.02
bright_aops,stratified,10000,0.12129694128528298,0.08407006820601749,0.6178571428571429,0.15892857142857147,96.3694730924128,0.04,0.02
bright_aops,stratified,15000,0.12231918856017657,0.08509231548091108,0.6178571428571429,0.15892857142857147,97.54127458316736,0.04,0.02
bright_aops,stratified,20000,0.12446411274477566,0.08723723966551017,0.6178571428571429,0.15892857142857147,100.0,0.04,0.02
bright_aops,coverage,1000,0.06499699484372508,0.027770121764459588,0.5345238095238095,0.0755952380952381,31.832875353389582,0.0,0.02
bright_aops,coverage,2500,0.07630760476042668,0.03908073168116119,0.5461904761904762,0.08726190476190482,44.79822129976451,0.02,0.02
bright_aops,coverage,5000,0.08844215536394927,0.05121528228468378,0.5620238095238095,0.10309523809523807,58.70805000370969,0.04,0.02
bright_aops,coverage,10000,0.10846468097057986,0.07123780789131437,0.6153571428571428,0.15642857142857142,81.65986012906679,0.04,0.02
bright_aops,coverage,15000,0.11651153918077622,0.07928466610151073,0.6153571428571428,0.15642857142857142,90.88396928365498,0.04,0.02
bright_aops,coverage,20000,0.12250585423777631,0.08527898115851082,0.6178571428571429,0.15892857142857147,97.75524934705888,0.04,0.02
nfcorpus,salience,1000,0.5800749159540434,0.27024981065197,0.6979863615308585,0.342116404243974,63.05941851995366,0.84,0.54
nfcorpus,salience,2500,0.6955168032315058,0.3856916979294324,0.740568974432464,0.38469901714557947,89.9963413137227,0.84,0.56
nfcorpus,salience,5000,0.713576604735476,0.40375149943340266,0.7667793047023536,0.4109093474154691,94.21037046948317,0.84,0.56
nfcorpus,salience,10000,0.7383888583383559,0.4285637530362825,0.7667793047023536,0.4109093474154691,100.0,0.86,0.56
nfcorpus,salience,15000,0.7383888583383559,0.4285637530362825,0.7667793047023536,0.4109093474154691,100.0,0.86,0.56
nfcorpus,salience,20000,0.7383888583383559,0.4285637530362825,0.7667793047023536,0.4109093474154691,100.0,0.86,0.56
nfcorpus,specificity,1000,0.6689625553140088,0.3591374500119355,0.7071131696375906,0.35124321235070616,83.80023916337382,0.86,0.54
nfcorpus,specificity,2500,0.7240037107508879,0.4141786054488145,0.7258395431620853,0.36996958587520085,96.64340544771873,0.86,0.56
nfcorpus,specificity,5000,0.730456729394528,0.42063162409245464,0.7664822749993833,0.4106123177124988,98.14913676491993,0.86,0.56
nfcorpus,specificity,10000,0.7383888583383559,0.4285637530362825,0.7667793047023536,0.4109093474154691,100.0,0.86,0.56
nfcorpus,specificity,15000,0.7383888583383559,0.4285637530362825,0.7667793047023536,0.4109093474154691,100.0,0.86,0.56
nfcorpus,specificity,20000,0.7383888583383559,0.4285637530362825,0.7667793047023536,0.4109093474154691,100.0,0.86,0.56
nfcorpus,hybrid,1000,0.6566996114586998,0.34687450615662646,0.678505359790392,0.3226354025035075,80.9388343505709,0.86,0.54
nfcorpus,hybrid,2500,0.7251754395772807,0.41535033427520734,0.7234863587121267,0.36761640142524227,96.9168137371719,0.86,0.56
nfcorpus,hybrid,5000,0.730456729394528,0.42063162409245464,0.7487786733575895,0.39290871607070504,98.14913676491993,0.86,0.56
nfcorpus,hybrid,10000,0.7383888583383559,0.4285637530362825,0.7667793047023536,0.4109093474154691,100.0,0.86,0.56
nfcorpus,hybrid,15000,0.7383888583383559,0.4285637530362825,0.7667793047023536,0.4109093474154691,100.0,0.86,0.56
nfcorpus,hybrid,20000,0.7383888583383559,0.4285637530362825,0.7667793047023536,0.4109093474154691,100.0,0.86,0.56
nfcorpus,stratified,1000,0.5791268967902022,0.2693017914881289,0.7235022395166472,0.3676322822297627,62.83821008664015,0.84,0.54
nfcorpus,stratified,2500,0.6677836330173195,0.3579585277152461,0.7565608836497221,0.4006909263628376,83.52515236745677,0.84,0.56
nfcorpus,stratified,5000,0.7134325424030803,0.40360743710100694,0.7667793047023536,0.4109093474154691,94.17675532322427,0.84,0.56
nfcorpus,stratified,10000,0.7383888583383559,0.4285637530362825,0.7667793047023536,0.4109093474154691,100.0,0.86,0.56
nfcorpus,stratified,15000,0.7383888583383559,0.4285637530362825,0.7667793047023536,0.4109093474154691,100.0,0.86,0.56
nfcorpus,stratified,20000,0.7383888583383559,0.4285637530362825,0.7667793047023536,0.4109093474154691,100.0,0.86,0.56
nfcorpus,coverage,1000,0.5685511080996277,0.25872600279755437,0.7226164168364342,0.3667464595495497,60.37048186285844,0.84,0.5
nfcorpus,coverage,2500,0.6688217546908605,0.3589966493887871,0.7374159875270349,0.3815460302401504,83.7673850962366,0.86,0.52
nfcorpus,coverage,5000,0.7162300970847011,0.40640499178262773,0.7643231643514764,0.4084532070645919,94.82952977318668,0.86,0.54
nfcorpus,coverage,10000,0.7383888583383559,0.4285637530362825,0.7667793047023536,0.4109093474154691,100.0,0.86,0.56
nfcorpus,coverage,15000,0.7383888583383559,0.4285637530362825,0.7667793047023536,0.4109093474154691,100.0,0.86,0.56
nfcorpus,coverage,20000,0.7383888583383559,0.4285637530362825,0.7667793047023536,0.4109093474154691,100.0,0.86,0.56
trec_covid,salience,1000,0.8220559457285226,0.21551183018381037,0.48019624942567307,0.03157212363428147,70.90254283627378,0.98,0.88
trec_covid,salience,2500,0.854054873434768,0.24751075789005583,0.4940649549824718,0.04544082919108022,81.4300639494852,1.0,0.94
trec_covid,salience,5000,0.877621546992704,0.2710774314479918,0.5038350976746078,0.055210971883216164,89.1834066779326,1.0,0.94
trec_covid,salience,10000,0.9004781408514074,0.2939340253066952,0.5202723523721701,0.07164822658077846,96.70313598363163,1.0,0.94
trec_covid,salience,15000,0.9043234236286043,0.2977793080838921,0.5265362256043962,0.07791209981300456,97.96821886374661,1.0,0.94
trec_covid,salience,20000,0.9066334302246564,0.30008931467994415,0.5291549377079076,0.08053081191651595,98.72820193051824,1.0,0.94
trec_covid,specificity,1000,0.806738689540025,0.20019457399531282,0.47103728052564525,0.02241315473425365,65.86322591286941,0.98,0.76
trec_covid,specificity,2500,0.8298505659582305,0.22330645041351826,0.49372224797439374,0.04509812218300213,73.46694217462095,1.0,0.94
trec_covid,specificity,5000,0.8638421366386372,0.25729802109392497,0.5072033231087012,0.058579197317309595,84.65003497367609,1.0,0.94
trec_covid,specificity,10000,0.8948607130414757,0.2883165974967635,0.512775680150337,0.06415155435894543,94.85502437145861,1.0,0.94
trec_covid,specificity,15000,0.9000232922450772,0.29347917670036494,0.5205747899940399,0.07195066420264834,96.55349258462729,1.0,0.94
trec_covid,specificity,20000,0.9029032330568281,0.29635911751211585,0.5265129697904427,0.0778888439990511,97.50098176235336,1.0,0.94
trec_covid,hybrid,1000,0.806738689540025,0.20019457399531282,0.47103728052564525,0.02241315473425365,65.86322591286941,0.98,0.74
trec_covid,hybrid,2500,0.8298505659582305,0.22330645041351826,0.49367462892677466,0.04505050313538306,73.46694217462095,1.0,0.94
trec_covid,hybrid,5000,0.8616900319227444,0.2551459163780322,0.5056577474547328,0.057033621663341194,83.94200100321335,1.0,0.94
trec_covid,hybrid,10000,0.8944171101624682,0.28787299461775595,0.5121177724977063,0.06349364670631469,94.709080772426,1.0,0.94
trec_covid,hybrid,15000,0.8990872528474515,0.2925431373027393,0.5196839050337625,0.07105977924237089,96.245539311575,1.0,0.94
trec_covid,hybrid,20000,0.9012530394091044,0.2947089238643922,0.5222796268719323,0.0736555010805407,96.95807455537506,1.0,0.94
trec_covid,stratified,1000,0.8279027790909212,0.22135866354620903,0.4828721470779944,0.034248021286602814,72.82612797116151,1.0,0.86
trec_covid,stratified,2500,0.8687122774226606,0.26216816187794834,0.5021854780006397,0.053561352209248125,86.25229209925193,1.0,0.92
trec_covid,stratified,5000,0.8927366263730253,0.2861925108283131,0.5187507070639717,0.07012658127258015,94.15620822819022,1.0,0.92
trec_covid,stratified,10000,0.9018866421867814,0.29534252664206917,0.5290393904075724,0.08041526461618081,97.16652737231374,1.0,0.94
trec_covid,stratified,15000,0.9034827290513586,0.2969386135066464,0.5315273706174284,0.08290324482603678,97.69163366086218,1.0,0.94
trec_covid,stratified,20000,0.9104991241562713,0.3039550086115591,0.5315273706174284,0.08290324482603678,100.0,1.0,0.94
trec_covid,coverage,1000,0.8703488090409551,0.2638046934962429,0.5176764423316071,0.06905231654021554,86.79070455238772,1.0,0.9
trec_covid,coverage,2500,0.8766891360507267,0.2701450205060145,0.5182602679293568,0.06963614213796515,88.87664715248953,1.0,0.9
trec_covid,coverage,5000,0.8815159046919332,0.274971789147221,0.5182602679293568,0.06963614213796515,90.46463501400058,1.0,0.92
trec_covid,coverage,10000,0.886033377348002,0.2794892618032898,0.5189932522225504,0.07036912643115883,91.95086571528242,1.0,0.92
trec_covid,coverage,15000,0.8914875360343137,0.28494342048960153,0.5232904964528925,0.07466637066150089,93.74526242919934,1.0,0.92
trec_covid,coverage,20000,0.8920661776827913,0.28552206213807907,0.5256013298565546,0.07697720406516301,93.93563325122354,1.0,0.92
