dataset,policy,capacity_type,requested_capacity,effective_capacity_terms,actual_pct_eligible_vocab,oracle_ndcg10,delta_ndcg10,oracle_r1000,delta_r1000,pct_retained_vs_eligible,recall_safe_query_rate,ranking_safe_query_rate
fiqa,salience,fixed,1000,1000,5.320280910832092,0.7306599032326749,0.25202648710054276,1.0,0.06666666666666668,100.0,0.0,0.4
fiqa,salience,fixed,2500,2500,13.300702277080228,0.7306599032326749,0.25202648710054276,1.0,0.06666666666666668,100.0,0.0,0.8
fiqa,salience,fixed,5000,5000,26.601404554160457,0.7306599032326749,0.25202648710054276,1.0,0.06666666666666668,100.0,0.0,0.8
fiqa,salience,fixed,10000,10000,53.20280910832091,0.7306599032326749,0.25202648710054276,1.0,0.06666666666666668,100.0,0.0,0.8
fiqa,salience,fixed,15000,15000,79.80421366248139,0.7306599032326749,0.25202648710054276,1.0,0.06666666666666668,100.0,0.0,0.8
fiqa,salience,fixed,20000,20000,106.40561821664183,0.7306599032326749,0.25202648710054276,1.0,0.06666666666666668,100.0,0.0,0.8
fiqa,salience,percentage,0.02,375,2.0,0.6854010261264916,0.2067676099943594,1.0,0.06666666666666668,82.04201565205807,0.0,0.2
fiqa,salience,percentage,0.05,939,5.0,0.7306599032326749,0.25202648710054276,1.0,0.06666666666666668,100.0,0.0,0.4
fiqa,salience,percentage,0.1,1879,10.0,0.7306599032326749,0.25202648710054276,1.0,0.06666666666666668,100.0,0.0,0.6
fiqa,salience,percentage,0.15,2819,15.0,0.7306599032326749,0.25202648710054276,1.0,0.06666666666666668,100.0,0.0,0.8
fiqa,salience,percentage,0.2,3759,20.0,0.7306599032326749,0.25202648710054276,1.0,0.06666666666666668,100.0,0.0,0.8
fiqa,salience,adaptive_rule_15pct,adaptive_15pct_2.5k_10k,2819,14.997871887635666,0.7306599032326749,0.25202648710054276,1.0,0.06666666666666668,100.0,0.0,0.8
fiqa,specificity,fixed,1000,1000,5.320280910832092,0.7306599032326749,0.25202648710054276,1.0,0.06666666666666668,100.0,0.0,0.4
fiqa,specificity,fixed,2500,2500,13.300702277080228,0.7306599032326749,0.25202648710054276,1.0,0.06666666666666668,100.0,0.0,0.8
fiqa,specificity,fixed,5000,5000,26.601404554160457,0.7306599032326749,0.25202648710054276,1.0,0.06666666666666668,100.0,0.0,0.8
fiqa,specificity,fixed,10000,10000,53.20280910832091,0.7306599032326749,0.25202648710054276,1.0,0.06666666666666668,100.0,0.0,0.8
fiqa,specificity,fixed,15000,15000,79.80421366248139,0.7306599032326749,0.25202648710054276,1.0,0.06666666666666668,100.0,0.0,0.8
fiqa,specificity,fixed,20000,20000,106.40561821664183,0.7306599032326749,0.25202648710054276,1.0,0.06666666666666668,100.0,0.0,0.8
fiqa,specificity,percentage,0.02,375,2.0,0.6608440891941014,0.18221067306196925,1.0,0.06666666666666668,72.29822355508159,0.0,0.2
fiqa,specificity,percentage,0.05,939,5.0,0.7306599032326749,0.25202648710054276,1.0,0.06666666666666668,100.0,0.0,0.4
fiqa,specificity,percentage,0.1,1879,10.0,0.7306599032326749,0.25202648710054276,1.0,0.06666666666666668,100.0,0.0,0.6
fiqa,specificity,percentage,0.15,2819,15.0,0.7306599032326749,0.25202648710054276,1.0,0.06666666666666668,100.0,0.0,0.8
fiqa,specificity,percentage,0.2,3759,20.0,0.7306599032326749,0.25202648710054276,1.0,0.06666666666666668,100.0,0.0,0.8
fiqa,specificity,adaptive_rule_15pct,adaptive_15pct_2.5k_10k,2819,14.997871887635666,0.7306599032326749,0.25202648710054276,1.0,0.06666666666666668,100.0,0.0,0.8
fiqa,hybrid,fixed,1000,1000,5.320280910832092,0.7167847265099884,0.23815131037785617,1.0,0.06666666666666668,94.49455615466668,0.0,0.4
fiqa,hybrid,fixed,2500,2500,13.300702277080228,0.7306599032326749,0.25202648710054276,1.0,0.06666666666666668,100.0,0.0,0.8
fiqa,hybrid,fixed,5000,5000,26.601404554160457,0.7306599032326749,0.25202648710054276,1.0,0.06666666666666668,100.0,0.0,0.8
fiqa,hybrid,fixed,10000,10000,53.20280910832091,0.7306599032326749,0.25202648710054276,1.0,0.06666666666666668,100.0,0.0,0.8
fiqa,hybrid,fixed,15000,15000,79.80421366248139,0.7306599032326749,0.25202648710054276,1.0,0.06666666666666668,100.0,0.0,0.8
fiqa,hybrid,fixed,20000,20000,106.40561821664183,0.7306599032326749,0.25202648710054276,1.0,0.06666666666666668,100.0,0.0,0.8
fiqa,hybrid,percentage,0.02,375,2.0,0.6608440891941014,0.18221067306196925,1.0,0.06666666666666668,72.29822355508159,0.0,0.2
fiqa,hybrid,percentage,0.05,939,5.0,0.7167847265099884,0.23815131037785617,1.0,0.06666666666666668,94.49455615466668,0.0,0.4
fiqa,hybrid,percentage,0.1,1879,10.0,0.7306599032326749,0.25202648710054276,1.0,0.06666666666666668,100.0,0.0,0.6
fiqa,hybrid,percentage,0.15,2819,15.0,0.7306599032326749,0.25202648710054276,1.0,0.06666666666666668,100.0,0.0,0.8
fiqa,hybrid,percentage,0.2,3759,20.0,0.7306599032326749,0.25202648710054276,1.0,0.06666666666666668,100.0,0.0,0.8
fiqa,hybrid,adaptive_rule_15pct,adaptive_15pct_2.5k_10k,2819,14.997871887635666,0.7306599032326749,0.25202648710054276,1.0,0.06666666666666668,100.0,0.0,0.8
fiqa,stratified,fixed,1000,1000,5.320280910832092,0.6923851465893562,0.21375173045722398,1.0,0.06666666666666668,84.81320075375666,0.0,0.4
fiqa,stratified,fixed,2500,2500,13.300702277080228,0.7306599032326749,0.25202648710054276,1.0,0.06666666666666668,100.0,0.0,0.6
fiqa,stratified,fixed,5000,5000,26.601404554160457,0.7306599032326749,0.25202648710054276,1.0,0.06666666666666668,100.0,0.0,0.6
fiqa,stratified,fixed,10000,10000,53.20280910832091,0.7306599032326749,0.25202648710054276,1.0,0.06666666666666668,100.0,0.0,0.8
fiqa,stratified,fixed,15000,15000,79.80421366248139,0.7306599032326749,0.25202648710054276,1.0,0.06666666666666668,100.0,0.0,0.8
fiqa,stratified,fixed,20000,20000,106.40561821664183,0.7306599032326749,0.25202648710054276,1.0,0.06666666666666668,100.0,0.0,0.8
fiqa,stratified,percentage,0.02,375,2.0,0.672211652356102,0.19357823622396975,0.9666666666666668,0.03333333333333335,76.80868723403036,0.0,0.4
fiqa,stratified,percentage,0.05,939,5.0,0.6923851465893562,0.21375173045722398,1.0,0.06666666666666668,84.81320075375666,0.0,0.4
fiqa,stratified,percentage,0.1,1879,10.0,0.7306599032326749,0.25202648710054276,1.0,0.06666666666666668,100.0,0.0,0.6
fiqa,stratified,percentage,0.15,2819,15.0,0.7306599032326749,0.25202648710054276,1.0,0.06666666666666668,100.0,0.0,0.6
fiqa,stratified,percentage,0.2,3759,20.0,0.7306599032326749,0.25202648710054276,1.0,0.06666666666666668,100.0,0.0,0.6
fiqa,stratified,adaptive_rule_15pct,adaptive_15pct_2.5k_10k,2819,14.997871887635666,0.7306599032326749,0.25202648710054276,1.0,0.06666666666666668,100.0,0.0,0.6
fiqa,coverage,fixed,1000,1000,5.320280910832092,0.6652275318932374,0.18659411576110516,0.9666666666666668,0.03333333333333335,74.03750213233175,0.0,0.2
fiqa,coverage,fixed,2500,2500,13.300702277080228,0.7104864089994207,0.2318529928672885,0.9666666666666668,0.03333333333333335,91.99548648027368,0.0,0.8
fiqa,coverage,fixed,5000,5000,26.601404554160457,0.7287048896441124,0.2500714735119801,0.9666666666666668,0.03333333333333335,99.22428249068015,0.0,0.8
fiqa,coverage,fixed,10000,10000,53.20280910832091,0.7306599032326749,0.25202648710054276,1.0,0.06666666666666668,100.0,0.0,0.8
fiqa,coverage,fixed,15000,15000,79.80421366248139,0.7306599032326749,0.25202648710054276,1.0,0.06666666666666668,100.0,0.0,0.8
fiqa,coverage,fixed,20000,20000,106.40561821664183,0.7306599032326749,0.25202648710054276,1.0,0.06666666666666668,100.0,0.0,0.8
fiqa,coverage,percentage,0.02,375,2.0,0.6652275318932374,0.18659411576110516,0.9666666666666668,0.03333333333333335,74.03750213233175,0.0,0.0
fiqa,coverage,percentage,0.05,939,5.0,0.6652275318932374,0.18659411576110516,0.9666666666666668,0.03333333333333335,74.03750213233175,0.0,0.2
fiqa,coverage,percentage,0.1,1879,10.0,0.7104864089994207,0.2318529928672885,0.9666666666666668,0.03333333333333335,91.99548648027368,0.0,0.4
fiqa,coverage,percentage,0.15,2819,15.0,0.7104864089994207,0.2318529928672885,0.9666666666666668,0.03333333333333335,91.99548648027368,0.0,0.8
fiqa,coverage,percentage,0.2,3759,20.0,0.7104864089994207,0.2318529928672885,0.9666666666666668,0.03333333333333335,91.99548648027368,0.0,0.8
fiqa,coverage,adaptive_rule_15pct,adaptive_15pct_2.5k_10k,2819,14.997871887635666,0.7104864089994207,0.2318529928672885,0.9666666666666668,0.03333333333333335,91.99548648027368,0.0,0.8
scidocs,salience,fixed,1000,1000,5.509338328466751,0.40819847372298995,0.291514736814224,0.68,0.23999999999999994,87.19840919331529,0.4,0.4
scidocs,salience,fixed,2500,2500,13.773345821166878,0.40819847372298995,0.291514736814224,0.68,0.23999999999999994,87.19840919331529,0.4,0.4
scidocs,salience,fixed,5000,5000,27.546691642333755,0.45099572666989546,0.3343119897611295,0.76,0.31999999999999995,100.0,0.4,0.6
scidocs,salience,fixed,10000,10000,55.09338328466751,0.45099572666989546,0.3343119897611295,0.76,0.31999999999999995,100.0,0.4,0.6
scidocs,salience,fixed,15000,15000,82.64007492700128,0.45099572666989546,0.3343119897611295,0.76,0.31999999999999995,100.0,0.4,0.6
scidocs,salience,fixed,20000,20000,110.18676656933502,0.45099572666989546,0.3343119897611295,0.76,0.31999999999999995,100.0,0.4,0.6
scidocs,salience,percentage,0.02,363,2.0,0.3605588317470689,0.24387509483830289,0.68,0.23999999999999994,72.94835432392208,0.4,0.4
scidocs,salience,percentage,0.05,907,5.0,0.40819847372298995,0.291514736814224,0.68,0.23999999999999994,87.19840919331529,0.4,0.4
scidocs,salience,percentage,0.1,1815,10.0,0.40819847372298995,0.291514736814224,0.68,0.23999999999999994,87.19840919331529,0.4,0.4
scidocs,salience,percentage,0.15,2722,15.0,0.4130408627520056,0.29635712584323964,0.72,0.2799999999999999,88.64687325602377,0.4,0.4
scidocs,salience,percentage,0.2,3630,20.0,0.45099572666989546,0.3343119897611295,0.76,0.31999999999999995,100.0,0.4,0.4
scidocs,salience,adaptive_rule_15pct,adaptive_15pct_2.5k_10k,2722,14.996418930086497,0.4130408627520056,0.29635712584323964,0.72,0.2799999999999999,88.64687325602377,0.4,0.4
scidocs,specificity,fixed,1000,1000,5.509338328466751,0.3605588317470689,0.24387509483830289,0.68,0.23999999999999994,72.94835432392208,0.4,0.4
scidocs,specificity,fixed,2500,2500,13.773345821166878,0.40819847372298995,0.291514736814224,0.68,0.23999999999999994,87.19840919331529,0.4,0.4
scidocs,specificity,fixed,5000,5000,27.546691642333755,0.4255582568059144,0.3088745198971484,0.72,0.2799999999999999,92.39109854176736,0.4,0.4
scidocs,specificity,fixed,10000,10000,55.09338328466751,0.45099572666989546,0.3343119897611295,0.76,0.31999999999999995,100.0,0.4,0.6
scidocs,specificity,fixed,15000,15000,82.64007492700128,0.45099572666989546,0.3343119897611295,0.76,0.31999999999999995,100.0,0.4,0.6
scidocs,specificity,fixed,20000,20000,110.18676656933502,0.45099572666989546,0.3343119897611295,0.76,0.31999999999999995,100.0,0.4,0.6
scidocs,specificity,percentage,0.02,363,2.0,0.2939388445704673,0.17725510766170133,0.52,0.07999999999999999,53.02086466846509,0.2,0.2
scidocs,specificity,percentage,0.05,907,5.0,0.3605588317470689,0.24387509483830289,0.68,0.23999999999999994,72.94835432392208,0.4,0.4
scidocs,specificity,percentage,0.1,1815,10.0,0.40819847372298995,0.291514736814224,0.68,0.23999999999999994,87.19840919331529,0.4,0.4
scidocs,specificity,percentage,0.15,2722,15.0,0.40819847372298995,0.291514736814224,0.68,0.23999999999999994,87.19840919331529,0.4,0.4
scidocs,specificity,percentage,0.2,3630,20.0,0.4130408627520056,0.29635712584323964,0.68,0.23999999999999994,88.64687325602377,0.4,0.4
scidocs,specificity,adaptive_rule_15pct,adaptive_15pct_2.5k_10k,2722,14.996418930086497,0.40819847372298995,0.291514736814224,0.68,0.23999999999999994,87.19840919331529,0.4,0.4
scidocs,hybrid,fixed,1000,1000,5.509338328466751,0.3605588317470689,0.24387509483830289,0.68,0.23999999999999994,72.94835432392208,0.4,0.4
scidocs,hybrid,fixed,2500,2500,13.773345821166878,0.40819847372298995,0.291514736814224,0.68,0.23999999999999994,87.19840919331529,0.4,0.4
scidocs,hybrid,fixed,5000,5000,27.546691642333755,0.4130408627520056,0.29635712584323964,0.72,0.2799999999999999,88.64687325602377,0.4,0.4
scidocs,hybrid,fixed,10000,10000,55.09338328466751,0.45099572666989546,0.3343119897611295,0.76,0.31999999999999995,100.0,0.4,0.6
scidocs,hybrid,fixed,15000,15000,82.64007492700128,0.45099572666989546,0.3343119897611295,0.76,0.31999999999999995,100.0,0.4,0.6
scidocs,hybrid,fixed,20000,20000,110.18676656933502,0.45099572666989546,0.3343119897611295,0.76,0.31999999999999995,100.0,0.4,0.6
scidocs,hybrid,percentage,0.02,363,2.0,0.2939388445704673,0.17725510766170133,0.52,0.07999999999999999,53.02086466846509,0.2,0.2
scidocs,hybrid,percentage,0.05,907,5.0,0.3605588317470689,0.24387509483830289,0.68,0.23999999999999994,72.94835432392208,0.4,0.4
scidocs,hybrid,percentage,0.1,1815,10.0,0.40819847372298995,0.291514736814224,0.68,0.23999999999999994,87.19840919331529,0.4,0.4
scidocs,hybrid,percentage,0.15,2722,15.0,0.40819847372298995,0.291514736814224,0.68,0.23999999999999994,87.19840919331529,0.4,0.4
scidocs,hybrid,percentage,0.2,3630,20.0,0.40819847372298995,0.291514736814224,0.68,0.23999999999999994,87.19840919331529,0.4,0.4
scidocs,hybrid,adaptive_rule_15pct,adaptive_15pct_2.5k_10k,2722,14.996418930086497,0.40819847372298995,0.291514736814224,0.68,0.23999999999999994,87.19840919331529,0.4,0.4
scidocs,stratified,fixed,1000,1000,5.509338328466751,0.3819574582205216,0.26527372131175564,0.72,0.28,79.34914972726445,0.4,0.4
scidocs,stratified,fixed,2500,2500,13.773345821166878,0.45099572666989546,0.3343119897611295,0.72,0.28,100.0,0.4,0.6
scidocs,stratified,fixed,5000,5000,27.546691642333755,0.45099572666989546,0.3343119897611295,0.72,0.28,100.0,0.4,0.6
scidocs,stratified,fixed,10000,10000,55.09338328466751,0.45099572666989546,0.3343119897611295,0.76,0.31999999999999995,100.0,0.4,0.6
scidocs,stratified,fixed,15000,15000,82.64007492700128,0.45099572666989546,0.3343119897611295,0.76,0.31999999999999995,100.0,0.4,0.6
scidocs,stratified,fixed,20000,20000,110.18676656933502,0.45099572666989546,0.3343119897611295,0.76,0.31999999999999995,100.0,0.4,0.6
scidocs,stratified,percentage,0.02,363,2.0,0.3819574582205216,0.26527372131175564,0.6799999999999999,0.24,79.34914972726445,0.4,0.4
scidocs,stratified,percentage,0.05,907,5.0,0.3819574582205216,0.26527372131175564,0.72,0.28,79.34914972726445,0.4,0.4
scidocs,stratified,percentage,0.1,1815,10.0,0.45099572666989546,0.3343119897611295,0.72,0.28,100.0,0.4,0.6
scidocs,stratified,percentage,0.15,2722,15.0,0.45099572666989546,0.3343119897611295,0.72,0.28,100.0,0.4,0.6
scidocs,stratified,percentage,0.2,3630,20.0,0.45099572666989546,0.3343119897611295,0.72,0.28,100.0,0.4,0.6
scidocs,stratified,adaptive_rule_15pct,adaptive_15pct_2.5k_10k,2722,14.996418930086497,0.45099572666989546,0.3343119897611295,0.72,0.28,100.0,0.4,0.6
scidocs,coverage,fixed,1000,1000,5.509338328466751,0.37832129658615665,0.26163755967739066,0.64,0.19999999999999998,78.26149455911954,0.4,0.6
scidocs,coverage,fixed,2500,2500,13.773345821166878,0.42959710019644276,0.3129133632876767,0.68,0.23999999999999994,93.59920459665763,0.4,0.6
scidocs,coverage,fixed,5000,5000,27.546691642333755,0.42959710019644276,0.3129133632876767,0.68,0.23999999999999994,93.59920459665763,0.4,0.6
scidocs,coverage,fixed,10000,10000,55.09338328466751,0.44211449425035154,0.3254307573415856,0.68,0.23999999999999994,97.34342988240127,0.4,0.6
scidocs,coverage,fixed,15000,15000,82.64007492700128,0.45099572666989546,0.3343119897611295,0.76,0.31999999999999995,100.0,0.4,0.6
scidocs,coverage,fixed,20000,20000,110.18676656933502,0.45099572666989546,0.3343119897611295,0.76,0.31999999999999995,100.0,0.4,0.6
scidocs,coverage,percentage,0.02,363,2.0,0.37832129658615665,0.26163755967739066,0.6,0.15999999999999998,78.26149455911954,0.4,0.4
scidocs,coverage,percentage,0.05,907,5.0,0.37832129658615665,0.26163755967739066,0.64,0.19999999999999998,78.26149455911954,0.4,0.6
scidocs,coverage,percentage,0.1,1815,10.0,0.37832129658615665,0.26163755967739066,0.64,0.19999999999999998,78.26149455911954,0.4,0.6
scidocs,coverage,percentage,0.15,2722,15.0,0.42959710019644276,0.3129133632876767,0.68,0.23999999999999994,93.59920459665763,0.4,0.6
scidocs,coverage,percentage,0.2,3630,20.0,0.42959710019644276,0.3129133632876767,0.68,0.23999999999999994,93.59920459665763,0.4,0.6
scidocs,coverage,adaptive_rule_15pct,adaptive_15pct_2.5k_10k,2722,14.996418930086497,0.42959710019644276,0.3129133632876767,0.68,0.23999999999999994,93.59920459665763,0.4,0.6
arguana,salience,fixed,1000,1000,10.1615689462453,0.549799289564479,0.08510612580692582,1.0,0.0,100.0,0.0,0.0
arguana,salience,fixed,2500,2500,25.40392236561325,0.549799289564479,0.08510612580692582,1.0,0.0,100.0,0.0,0.2
arguana,salience,fixed,5000,5000,50.8078447312265,0.549799289564479,0.08510612580692582,1.0,0.0,100.0,0.0,0.2
arguana,salience,fixed,10000,10000,101.615689462453,0.549799289564479,0.08510612580692582,1.0,0.0,100.0,0.0,0.2
arguana,salience,fixed,15000,15000,152.4235341936795,0.549799289564479,0.08510612580692582,1.0,0.0,100.0,0.0,0.2
arguana,salience,fixed,20000,20000,203.231378924906,0.549799289564479,0.08510612580692582,1.0,0.0,100.0,0.0,0.2
arguana,salience,percentage,0.02,196,2.0,0.5452245188095411,0.08053135505198805,1.0,0.0,94.62462811981804,0.0,0.0
arguana,salience,percentage,0.05,492,5.0,0.549799289564479,0.08510612580692582,1.0,0.0,100.0,0.0,0.0
arguana,salience,percentage,0.1,984,10.0,0.549799289564479,0.08510612580692582,1.0,0.0,100.0,0.0,0.0
arguana,salience,percentage,0.15,1476,15.0,0.549799289564479,0.08510612580692582,1.0,0.0,100.0,0.0,0.0
arguana,salience,percentage,0.2,1968,20.0,0.549799289564479,0.08510612580692582,1.0,0.0,100.0,0.0,0.2
arguana,salience,adaptive_rule_15pct,adaptive_15pct_2.5k_10k,2500,25.40392236561325,0.549799289564479,0.08510612580692582,1.0,0.0,100.0,0.0,0.2
arguana,specificity,fixed,1000,1000,10.1615689462453,0.549799289564479,0.08510612580692582,1.0,0.0,100.0,0.0,0.0
arguana,specificity,fixed,2500,2500,25.40392236561325,0.549799289564479,0.08510612580692582,1.0,0.0,100.0,0.0,0.2
arguana,specificity,fixed,5000,5000,50.8078447312265,0.549799289564479,0.08510612580692582,1.0,0.0,100.0,0.0,0.2
arguana,specificity,fixed,10000,10000,101.615689462453,0.549799289564479,0.08510612580692582,1.0,0.0,100.0,0.0,0.2
arguana,specificity,fixed,15000,15000,152.4235341936795,0.549799289564479,0.08510612580692582,1.0,0.0,100.0,0.0,0.2
arguana,specificity,fixed,20000,20000,203.231378924906,0.549799289564479,0.08510612580692582,1.0,0.0,100.0,0.0,0.2
arguana,specificity,percentage,0.02,196,2.0,0.46469316375755315,0.0,1.0,0.0,0.0,0.0,0.0
arguana,specificity,percentage,0.05,492,5.0,0.46469316375755315,0.0,1.0,0.0,0.0,0.0,0.0
arguana,specificity,percentage,0.1,984,10.0,0.549799289564479,0.08510612580692582,1.0,0.0,100.0,0.0,0.0
arguana,specificity,percentage,0.15,1476,15.0,0.549799289564479,0.08510612580692582,1.0,0.0,100.0,0.0,0.0
arguana,specificity,percentage,0.2,1968,20.0,0.549799289564479,0.08510612580692582,1.0,0.0,100.0,0.0,0.0
arguana,specificity,adaptive_rule_15pct,adaptive_15pct_2.5k_10k,2500,25.40392236561325,0.549799289564479,0.08510612580692582,1.0,0.0,100.0,0.0,0.2
arguana,hybrid,fixed,1000,1000,10.1615689462453,0.4785578521428745,0.01386468838532139,1.0,0.0,16.291058080560752,0.0,0.0
arguana,hybrid,fixed,2500,2500,25.40392236561325,0.549799289564479,0.08510612580692582,1.0,0.0,100.0,0.0,0.2
arguana,hybrid,fixed,5000,5000,50.8078447312265,0.549799289564479,0.08510612580692582,1.0,0.0,100.0,0.0,0.2
arguana,hybrid,fixed,10000,10000,101.615689462453,0.549799289564479,0.08510612580692582,1.0,0.0,100.0,0.0,0.2
arguana,hybrid,fixed,15000,15000,152.4235341936795,0.549799289564479,0.08510612580692582,1.0,0.0,100.0,0.0,0.2
arguana,hybrid,fixed,20000,20000,203.231378924906,0.549799289564479,0.08510612580692582,1.0,0.0,100.0,0.0,0.2
arguana,hybrid,percentage,0.02,196,2.0,0.46469316375755315,0.0,1.0,0.0,0.0,0.0,0.0
arguana,hybrid,percentage,0.05,492,5.0,0.46469316375755315,0.0,1.0,0.0,0.0,0.0,0.0
arguana,hybrid,percentage,0.1,984,10.0,0.4785578521428745,0.01386468838532139,1.0,0.0,16.291058080560752,0.0,0.0
arguana,hybrid,percentage,0.15,1476,15.0,0.5452245188095411,0.08053135505198805,1.0,0.0,94.62462811981804,0.0,0.0
arguana,hybrid,percentage,0.2,1968,20.0,0.549799289564479,0.08510612580692582,1.0,0.0,100.0,0.0,0.0
arguana,hybrid,adaptive_rule_15pct,adaptive_15pct_2.5k_10k,2500,25.40392236561325,0.549799289564479,0.08510612580692582,1.0,0.0,100.0,0.0,0.2
arguana,stratified,fixed,1000,1000,10.1615689462453,0.549799289564479,0.08510612580692582,1.0,0.0,100.0,0.0,0.0
arguana,stratified,fixed,2500,2500,25.40392236561325,0.549799289564479,0.08510612580692582,1.0,0.0,100.0,0.0,0.0
arguana,stratified,fixed,5000,5000,50.8078447312265,0.549799289564479,0.08510612580692582,1.0,0.0,100.0,0.0,0.2
arguana,stratified,fixed,10000,10000,101.615689462453,0.549799289564479,0.08510612580692582,1.0,0.0,100.0,0.0,0.2
arguana,stratified,fixed,15000,15000,152.4235341936795,0.549799289564479,0.08510612580692582,1.0,0.0,100.0,0.0,0.2
arguana,stratified,fixed,20000,20000,203.231378924906,0.549799289564479,0.08510612580692582,1.0,0.0,100.0,0.0,0.2
arguana,stratified,percentage,0.02,196,2.0,0.5313598304242197,0.06666666666666667,1.0,0.0,78.3335700392573,0.0,0.0
arguana,stratified,percentage,0.05,492,5.0,0.5452245188095411,0.08053135505198805,1.0,0.0,94.62462811981804,0.0,0.0
arguana,stratified,percentage,0.1,984,10.0,0.549799289564479,0.08510612580692582,1.0,0.0,100.0,0.0,0.0
arguana,stratified,percentage,0.15,1476,15.0,0.549799289564479,0.08510612580692582,1.0,0.0,100.0,0.0,0.0
arguana,stratified,percentage,0.2,1968,20.0,0.549799289564479,0.08510612580692582,1.0,0.0,100.0,0.0,0.0
arguana,stratified,adaptive_rule_15pct,adaptive_15pct_2.5k_10k,2500,25.40392236561325,0.549799289564479,0.08510612580692582,1.0,0.0,100.0,0.0,0.0
arguana,coverage,fixed,1000,1000,10.1615689462453,0.5452245188095411,0.08053135505198805,1.0,0.0,94.62462811981804,0.0,0.0
arguana,coverage,fixed,2500,2500,25.40392236561325,0.549799289564479,0.08510612580692582,1.0,0.0,100.0,0.0,0.0
arguana,coverage,fixed,5000,5000,50.8078447312265,0.549799289564479,0.08510612580692582,1.0,0.0,100.0,0.0,0.0
arguana,coverage,fixed,10000,10000,101.615689462453,0.549799289564479,0.08510612580692582,1.0,0.0,100.0,0.0,0.2
arguana,coverage,fixed,15000,15000,152.4235341936795,0.549799289564479,0.08510612580692582,1.0,0.0,100.0,0.0,0.2
arguana,coverage,fixed,20000,20000,203.231378924906,0.549799289564479,0.08510612580692582,1.0,0.0,100.0,0.0,0.2
arguana,coverage,percentage,0.02,196,2.0,0.46469316375755315,0.0,1.0,0.0,0.0,0.0,0.0
arguana,coverage,percentage,0.05,492,5.0,0.46469316375755315,0.0,1.0,0.0,0.0,0.0,0.0
arguana,coverage,percentage,0.1,984,10.0,0.5452245188095411,0.08053135505198805,1.0,0.0,94.62462811981804,0.0,0.0
arguana,coverage,percentage,0.15,1476,15.0,0.549799289564479,0.08510612580692582,1.0,0.0,100.0,0.0,0.0
arguana,coverage,percentage,0.2,1968,20.0,0.549799289564479,0.08510612580692582,1.0,0.0,100.0,0.0,0.0
arguana,coverage,adaptive_rule_15pct,adaptive_15pct_2.5k_10k,2500,25.40392236561325,0.549799289564479,0.08510612580692582,1.0,0.0,100.0,0.0,0.0
bright_stackoverflow,salience,fixed,1000,1000,3.524477496211187,0.2127663958189349,0.051098952266633045,0.95,0.11666666666666667,63.94204076461523,0.0,0.0
bright_stackoverflow,salience,fixed,2500,2500,8.811193740527967,0.24158192806920922,0.07991448451690739,0.95,0.11666666666666667,100.0,0.0,0.0
bright_stackoverflow,salience,fixed,5000,5000,17.622387481055934,0.24158192806920922,0.07991448451690739,0.95,0.11666666666666667,100.0,0.0,0.0
bright_stackoverflow,salience,fixed,10000,10000,35.24477496211187,0.24158192806920922,0.07991448451690739,0.95,0.11666666666666667,100.0,0.0,0.0
bright_stackoverflow,salience,fixed,15000,15000,52.8671624431678,0.24158192806920922,0.07991448451690739,0.95,0.11666666666666667,100.0,0.0,0.0
bright_stackoverflow,salience,fixed,20000,20000,70.48954992422374,0.24158192806920922,0.07991448451690739,0.95,0.11666666666666667,100.0,0.0,0.0
bright_stackoverflow,salience,percentage,0.02,567,2.0,0.17188991630123768,0.01022247274893583,0.95,0.11666666666666667,12.791764610297996,0.0,0.0
bright_stackoverflow,salience,percentage,0.05,1418,5.0,0.2127663958189349,0.051098952266633045,0.95,0.11666666666666667,63.94204076461523,0.0,0.0
bright_stackoverflow,salience,percentage,0.1,2837,10.0,0.24158192806920922,0.07991448451690739,0.95,0.11666666666666667,100.0,0.0,0.0
bright_stackoverflow,salience,percentage,0.15,4255,15.0,0.24158192806920922,0.07991448451690739,0.95,0.11666666666666667,100.0,0.0,0.0
bright_stackoverflow,salience,percentage,0.2,5674,20.0,0.24158192806920922,0.07991448451690739,0.95,0.11666666666666667,100.0,0.0,0.0
bright_stackoverflow,salience,adaptive_rule_15pct,adaptive_15pct_2.5k_10k,4255,14.9966517463786,0.24158192806920922,0.07991448451690739,0.95,0.11666666666666667,100.0,0.0,0.0
bright_stackoverflow,specificity,fixed,1000,1000,3.524477496211187,0.20254392306999908,0.04087647951769722,0.95,0.11666666666666667,51.15027615431723,0.0,0.0
bright_stackoverflow,specificity,fixed,2500,2500,8.811193740527967,0.2327478467155601,0.07108040316325825,0.95,0.11666666666666667,88.94558175898624,0.0,0.0
bright_stackoverflow,specificity,fixed,5000,5000,17.622387481055934,0.24158192806920922,0.07991448451690739,0.95,0.11666666666666667,100.0,0.0,0.0
bright_stackoverflow,specificity,fixed,10000,10000,35.24477496211187,0.24158192806920922,0.07991448451690739,0.95,0.11666666666666667,100.0,0.0,0.0
bright_stackoverflow,specificity,fixed,15000,15000,52.8671624431678,0.24158192806920922,0.07991448451690739,0.95,0.11666666666666667,100.0,0.0,0.0
bright_stackoverflow,specificity,fixed,20000,20000,70.48954992422374,0.24158192806920922,0.07991448451690739,0.95,0.11666666666666667,100.0,0.0,0.0
bright_stackoverflow,specificity,percentage,0.02,567,2.0,0.16166744355230184,0.0,0.95,0.11666666666666667,0.0,0.0,0.0
bright_stackoverflow,specificity,percentage,0.05,1418,5.0,0.2303551589721542,0.06868771541985234,0.95,0.11666666666666667,85.9515215984659,0.0,0.0
bright_stackoverflow,specificity,percentage,0.1,2837,10.0,0.2327478467155601,0.07108040316325825,0.95,0.11666666666666667,88.94558175898624,0.0,0.0
bright_stackoverflow,specificity,percentage,0.15,4255,15.0,0.24158192806920922,0.07991448451690739,0.95,0.11666666666666667,100.0,0.0,0.0
bright_stackoverflow,specificity,percentage,0.2,5674,20.0,0.24158192806920922,0.07991448451690739,0.95,0.11666666666666667,100.0,0.0,0.0
bright_stackoverflow,specificity,adaptive_rule_15pct,adaptive_15pct_2.5k_10k,4255,14.9966517463786,0.24158192806920922,0.07991448451690739,0.95,0.11666666666666667,100.0,0.0,0.0
bright_stackoverflow,hybrid,fixed,1000,1000,3.524477496211187,0.20254392306999908,0.04087647951769722,0.95,0.11666666666666667,51.15027615431723,0.0,0.0
bright_stackoverflow,hybrid,fixed,2500,2500,8.811193740527967,0.2327478467155601,0.07108040316325825,0.95,0.11666666666666667,88.94558175898624,0.0,0.0
bright_stackoverflow,hybrid,fixed,5000,5000,17.622387481055934,0.24158192806920922,0.07991448451690739,0.95,0.11666666666666667,100.0,0.0,0.0
bright_stackoverflow,hybrid,fixed,10000,10000,35.24477496211187,0.24158192806920922,0.07991448451690739,0.95,0.11666666666666667,100.0,0.0,0.0
bright_stackoverflow,hybrid,fixed,15000,15000,52.8671624431678,0.24158192806920922,0.07991448451690739,0.95,0.11666666666666667,100.0,0.0,0.0
bright_stackoverflow,hybrid,fixed,20000,20000,70.48954992422374,0.24158192806920922,0.07991448451690739,0.95,0.11666666666666667,100.0,0.0,0.0
bright_stackoverflow,hybrid,percentage,0.02,567,2.0,0.16166744355230184,0.0,0.95,0.11666666666666667,0.0,0.0,0.0
bright_stackoverflow,hybrid,percentage,0.05,1418,5.0,0.2303551589721542,0.06868771541985234,0.95,0.11666666666666667,85.9515215984659,0.0,0.0
bright_stackoverflow,hybrid,percentage,0.1,2837,10.0,0.2327478467155601,0.07108040316325825,0.95,0.11666666666666667,88.94558175898624,0.0,0.0
bright_stackoverflow,hybrid,percentage,0.15,4255,15.0,0.24158192806920922,0.07991448451690739,0.95,0.11666666666666667,100.0,0.0,0.0
bright_stackoverflow,hybrid,percentage,0.2,5674,20.0,0.24158192806920922,0.07991448451690739,0.95,0.11666666666666667,100.0,0.0,0.0
bright_stackoverflow,hybrid,adaptive_rule_15pct,adaptive_15pct_2.5k_10k,4255,14.9966517463786,0.24158192806920922,0.07991448451690739,0.95,0.11666666666666667,100.0,0.0,0.0
bright_stackoverflow,stratified,fixed,1000,1000,3.524477496211187,0.19187136719786288,0.030203923645561043,0.95,0.11666666666666667,37.795305604669004,0.0,0.0
bright_stackoverflow,stratified,fixed,2500,2500,8.811193740527967,0.2327478467155601,0.07108040316325825,0.95,0.11666666666666667,88.94558175898624,0.0,0.0
bright_stackoverflow,stratified,fixed,5000,5000,17.622387481055934,0.24158192806920922,0.07991448451690739,0.95,0.11666666666666667,100.0,0.0,0.0
bright_stackoverflow,stratified,fixed,10000,10000,35.24477496211187,0.24158192806920922,0.07991448451690739,0.95,0.11666666666666667,100.0,0.0,0.0
bright_stackoverflow,stratified,fixed,15000,15000,52.8671624431678,0.24158192806920922,0.07991448451690739,0.95,0.11666666666666667,100.0,0.0,0.0
bright_stackoverflow,stratified,fixed,20000,20000,70.48954992422374,0.24158192806920922,0.07991448451690739,0.95,0.11666666666666667,100.0,0.0,0.0
bright_stackoverflow,stratified,percentage,0.02,567,2.0,0.19187136719786288,0.030203923645561043,0.95,0.11666666666666667,37.795305604669004,0.0,0.0
bright_stackoverflow,stratified,percentage,0.05,1418,5.0,0.19187136719786288,0.030203923645561043,0.95,0.11666666666666667,37.795305604669004,0.0,0.0
bright_stackoverflow,stratified,percentage,0.1,2837,10.0,0.2327478467155601,0.07108040316325825,0.95,0.11666666666666667,88.94558175898624,0.0,0.0
bright_stackoverflow,stratified,percentage,0.15,4255,15.0,0.2327478467155601,0.07108040316325825,0.95,0.11666666666666667,88.94558175898624,0.0,0.0
bright_stackoverflow,stratified,percentage,0.2,5674,20.0,0.24158192806920922,0.07991448451690739,0.95,0.11666666666666667,100.0,0.0,0.0
bright_stackoverflow,stratified,adaptive_rule_15pct,adaptive_15pct_2.5k_10k,4255,14.9966517463786,0.2327478467155601,0.07108040316325825,0.95,0.11666666666666667,88.94558175898624,0.0,0.0
bright_stackoverflow,coverage,fixed,1000,1000,3.524477496211187,0.16166744355230184,0.0,0.9,0.06666666666666668,0.0,0.0,0.0
bright_stackoverflow,coverage,fixed,2500,2500,8.811193740527967,0.16166744355230184,0.0,0.95,0.11666666666666667,0.0,0.0,0.0
bright_stackoverflow,coverage,fixed,5000,5000,17.622387481055934,0.16166744355230184,0.0,0.95,0.11666666666666667,0.0,0.0,0.0
bright_stackoverflow,coverage,fixed,10000,10000,35.24477496211187,0.24158192806920922,0.07991448451690739,0.95,0.11666666666666667,100.0,0.0,0.0
bright_stackoverflow,coverage,fixed,15000,15000,52.8671624431678,0.24158192806920922,0.07991448451690739,0.95,0.11666666666666667,100.0,0.0,0.0
bright_stackoverflow,coverage,fixed,20000,20000,70.48954992422374,0.24158192806920922,0.07991448451690739,0.95,0.11666666666666667,100.0,0.0,0.0
bright_stackoverflow,coverage,percentage,0.02,567,2.0,0.16166744355230184,0.0,0.9,0.06666666666666668,0.0,0.0,0.0
bright_stackoverflow,coverage,percentage,0.05,1418,5.0,0.16166744355230184,0.0,0.95,0.11666666666666667,0.0,0.0,0.0
bright_stackoverflow,coverage,percentage,0.1,2837,10.0,0.16166744355230184,0.0,0.95,0.11666666666666667,0.0,0.0,0.0
bright_stackoverflow,coverage,percentage,0.15,4255,15.0,0.16166744355230184,0.0,0.95,0.11666666666666667,0.0,0.0,0.0
bright_stackoverflow,coverage,percentage,0.2,5674,20.0,0.16166744355230184,0.0,0.95,0.11666666666666667,0.0,0.0,0.0
bright_stackoverflow,coverage,adaptive_rule_15pct,adaptive_15pct_2.5k_10k,4255,14.9966517463786,0.16166744355230184,0.0,0.95,0.11666666666666667,0.0,0.0,0.0
