dataset,category,model_family,config_label,p,display_name,params,num_queries,strict_10,strict_20,strict_30,strict_50,complete_10,complete_20,complete_30,complete_50,doc_rec_10,doc_rec_20,doc_rec_30,doc_rec_50,prec_10,prec_20,prec_30,prec_50,mrr_10,latency_p50_ms,latency_mean_ms,latency_p95_ms,tti_s,vram_gb,avg_qaug_len,avg_anchors,avg_synonyms,avg_r_anchor
enterpriserag_doc_level,Baseline,BM25_Analyzed_Parity,bm25_analyzed_parity,-,BM25 (Analyzed Parity Baseline),"k1=1.2, b=0.75, kstem+wordnet",500,94.26,96.6,97.66,98.72,89.36,93.4,95.32,96.81,92.28,95.41,96.79,98.0,13.62,7.2,4.91,2.99,0.8683,0.27,0.28,0.43,2.173,0.0,0.0,0.0,0.0,0.0
enterpriserag_doc_level,Baseline,Dense_BGE_Small,dense_bge_small,-,Dense (bge-small-en-v1.5),"dim=384, cosine, fp16",500,84.04,89.36,91.7,93.62,74.68,81.28,84.26,87.45,79.2,85.74,88.5,90.95,11.3,6.28,4.35,2.71,0.6955,13.45,13.82,15.18,2.98,1.223,0.0,0.0,0.0,0.0
enterpriserag_doc_level,Baseline,Dense_BGE_Large,dense_bge_large,-,Dense (bge-large-en-v1.5),"dim=1024, cosine, fp16",500,88.3,91.91,93.4,94.89,80.0,84.04,86.81,89.15,84.09,88.15,90.55,92.59,11.89,6.32,4.41,2.74,0.741,26.98,27.1,28.5,20.218,3.659,0.0,0.0,0.0,0.0
enterpriserag_doc_level,Baseline,SPLADE_v3,splade_v3,-,SPLADE-v3 (DistilBERT),"sparse neural, distilbert",500,92.77,94.68,96.81,97.66,85.74,89.15,92.55,94.68,89.79,92.7,95.49,96.81,13.09,6.98,4.85,2.97,0.8285,8.01,8.5,9.46,20.013,4.049,0.0,0.0,0.0,0.0
enterpriserag_doc_level,Edge-RAG,v7,v7,1.0,Edge-RAG V7 Default (p=1.00),"p=1.00, tau_base=0.55, Delta_tau=0.0, mu=0.50, eta=0.0, eps=0.0",500,94.47,97.45,98.3,98.3,89.36,94.47,95.96,96.6,92.47,96.14,97.23,97.61,13.62,7.23,4.91,2.98,0.8304,66.18,68.0,95.62,12.184,0.384,0.0,0.0,0.0,0.0
liverag_doc_level,Baseline,BM25_Analyzed_Parity,bm25_analyzed_parity,-,BM25 (Analyzed Parity Baseline),"k1=1.2, b=0.75, kstem+wordnet",895,97.54,98.44,98.66,98.99,96.87,97.99,98.32,98.66,97.21,98.21,98.49,98.83,11.21,5.66,3.78,2.28,0.9402,0.15,0.36,0.25,1.524,0.0,0.0,0.0,0.0,0.0
liverag_doc_level,Baseline,Dense_BGE_Small,dense_bge_small,-,Dense (bge-small-en-v1.5),"dim=384, cosine, fp16",895,96.76,97.88,97.99,98.55,95.64,97.32,97.65,98.32,96.2,97.6,97.82,98.44,11.08,5.63,3.77,2.27,0.9025,12.64,12.79,13.86,1.797,1.286,0.0,0.0,0.0,0.0
liverag_doc_level,Baseline,Dense_BGE_Large,dense_bge_large,-,Dense (bge-large-en-v1.5),"dim=1024, cosine, fp16",895,97.43,98.66,98.88,98.99,96.31,97.77,98.21,98.66,96.87,98.21,98.55,98.83,11.16,5.65,3.78,2.28,0.9236,24.3,24.44,25.79,12.407,3.722,0.0,0.0,0.0,0.0
liverag_doc_level,Baseline,SPLADE_v3,splade_v3,-,SPLADE-v3 (DistilBERT),"sparse neural, distilbert",895,95.75,96.98,98.1,98.55,94.64,96.31,97.43,97.88,95.2,96.65,97.77,98.21,10.98,5.58,3.76,2.26,0.9107,7.05,7.18,8.4,11.427,4.098,0.0,0.0,0.0,0.0
liverag_doc_level,Edge-RAG,v7,v7,1.0,Edge-RAG V7 Default (p=1.00),"p=1.00, tau_base=0.55, Delta_tau=0.0, mu=0.50, eta=0.0, eps=0.0",895,97.88,98.32,98.66,98.88,97.09,97.99,98.32,98.66,97.49,98.16,98.49,98.77,11.23,5.66,3.79,2.28,0.9303,33.63,33.84,43.64,8.29,0.267,0.0,0.0,0.0,0.0
beir_scifact_doc_level,Baseline,BM25_Analyzed_Parity,bm25_analyzed_parity,-,BM25 (Analyzed Parity Baseline),"k1=1.2, b=0.75, kstem+wordnet",300,80.33,84.67,86.67,88.0,77.67,81.0,83.33,85.67,79.0,82.77,85.04,87.02,8.63,4.57,3.16,1.97,0.627,0.19,0.19,0.3,1.674,0.0,0.0,0.0,0.0,0.0
beir_scifact_doc_level,Baseline,Dense_BGE_Small,dense_bge_small,-,Dense (bge-small-en-v1.5),"dim=384, cosine, fp16",300,85.0,88.0,90.33,93.0,82.67,86.33,89.33,92.0,83.96,87.3,89.93,92.5,9.47,4.93,3.4,2.1,0.6825,17.65,17.75,18.46,5.545,1.349,0.0,0.0,0.0,0.0
beir_scifact_doc_level,Baseline,Dense_BGE_Large,dense_bge_large,-,Dense (bge-large-en-v1.5),"dim=1024, cosine, fp16",300,88.0,92.33,93.67,94.67,86.33,91.33,93.33,94.33,87.32,91.99,93.5,94.5,9.93,5.22,3.54,2.15,0.7127,37.2,37.35,38.56,36.87,3.785,0.0,0.0,0.0,0.0
beir_scifact_doc_level,Baseline,SPLADE_v3,splade_v3,-,SPLADE-v3 (DistilBERT),"sparse neural, distilbert",300,82.33,85.67,86.67,88.67,79.33,82.67,84.0,87.33,80.89,84.29,85.52,88.2,9.1,4.75,3.22,2.01,0.6637,11.24,11.22,11.99,43.275,4.105,0.0,0.0,0.0,0.0
beir_scifact_doc_level,Edge-RAG,v7,v7,1.0,Edge-RAG V7 Default (p=1.00),"p=1.00, tau_base=0.55, Delta_tau=0.0, mu=0.50, eta=0.0, eps=0.0",300,79.67,85.67,86.67,88.0,76.0,82.33,84.0,87.0,77.69,84.0,85.58,87.66,8.53,4.65,3.2,1.99,0.6023,36.97,37.34,48.06,8.071,0.229,0.0,0.0,0.0,0.0
beir_nfcorpus_doc_level,Baseline,BM25_Analyzed_Parity,bm25_analyzed_parity,-,BM25 (Analyzed Parity Baseline),"k1=1.2, b=0.75, kstem+wordnet",323,68.11,71.52,73.37,74.92,3.72,4.02,4.33,4.33,14.11,16.69,18.18,20.16,22.6,15.94,12.83,9.64,0.5171,0.07,0.08,0.15,1.255,0.0,0.0,0.0,0.0,0.0
beir_nfcorpus_doc_level,Baseline,Dense_BGE_Small,dense_bge_small,-,Dense (bge-small-en-v1.5),"dim=384, cosine, fp16",323,69.35,75.23,77.09,79.57,4.02,4.64,4.95,5.57,16.2,20.04,22.15,25.48,25.76,19.01,15.44,11.8,0.5298,15.65,15.76,16.61,4.285,1.349,0.0,0.0,0.0,0.0
beir_nfcorpus_doc_level,Baseline,Dense_BGE_Large,dense_bge_large,-,Dense (bge-large-en-v1.5),"dim=1024, cosine, fp16",323,76.16,80.8,83.59,86.69,5.88,5.88,6.19,7.74,19.29,23.32,25.65,29.84,28.14,21.3,17.38,13.43,0.5775,31.9,32.06,33.21,28.587,3.785,0.0,0.0,0.0,0.0
beir_nfcorpus_doc_level,Baseline,SPLADE_v3,splade_v3,-,SPLADE-v3 (DistilBERT),"sparse neural, distilbert",323,72.76,76.78,78.02,78.64,4.95,5.57,5.57,5.57,16.74,19.82,21.25,23.71,25.45,18.42,14.73,11.23,0.5755,7.98,8.04,8.65,32.671,4.105,0.0,0.0,0.0,0.0
beir_nfcorpus_doc_level,Edge-RAG,v7,v7,1.0,Edge-RAG V7 Default (p=1.00),"p=1.00, tau_base=0.55, Delta_tau=0.0, mu=0.50, eta=0.0, eps=0.0",323,69.97,74.92,76.78,78.33,4.33,4.95,4.95,5.26,15.07,18.51,19.94,22.31,23.13,16.75,13.36,10.17,0.5387,23.44,23.57,34.91,5.614,0.194,0.0,0.0,0.0,0.0
beir_fiqa_doc_level,Baseline,BM25_Analyzed_Parity,bm25_analyzed_parity,-,BM25 (Analyzed Parity Baseline),"k1=1.2, b=0.75, kstem+wordnet",500,47.4,56.4,60.4,64.0,17.8,23.4,25.4,28.8,30.34,37.78,41.11,45.28,6.54,4.19,3.08,2.07,0.2847,0.81,0.83,1.24,10.882,0.0,0.0,0.0,0.0,0.0
beir_fiqa_doc_level,Baseline,Dense_BGE_Small,dense_bge_small,-,Dense (bge-small-en-v1.5),"dim=384, cosine, fp16",500,66.4,73.2,75.8,79.8,27.8,35.6,37.8,42.4,45.51,53.42,56.65,62.05,10.58,6.34,4.6,3.06,0.4669,81.49,81.59,83.08,30.351,1.349,0.0,0.0,0.0,0.0
beir_fiqa_doc_level,Baseline,Dense_BGE_Large,dense_bge_large,-,Dense (bge-large-en-v1.5),"dim=1024, cosine, fp16",500,72.4,79.0,82.6,85.8,33.0,41.2,46.2,51.8,51.42,60.39,65.13,69.82,11.96,7.18,5.21,3.4,0.5162,205.53,205.78,208.42,200.965,3.785,0.0,0.0,0.0,0.0
beir_fiqa_doc_level,Baseline,SPLADE_v3,splade_v3,-,SPLADE-v3 (DistilBERT),"sparse neural, distilbert",500,60.2,66.2,70.6,76.0,24.0,30.2,33.0,38.0,39.82,46.9,50.85,56.45,8.74,5.28,3.83,2.59,0.4049,72.82,72.82,74.53,301.891,4.327,0.0,0.0,0.0,0.0
beir_fiqa_doc_level,Edge-RAG,v7,v7,1.0,Edge-RAG V7 Default (p=1.00),"p=1.00, tau_base=0.55, Delta_tau=0.0, mu=0.50, eta=0.0, eps=0.0",500,45.2,55.6,60.0,66.4,16.2,23.4,25.6,29.2,28.46,37.6,40.98,46.55,6.08,4.01,2.99,2.11,0.2558,27.69,27.62,34.16,24.064,0.354,0.0,0.0,0.0,0.0
multihop_rag_doc_level,Baseline,BM25_Analyzed_Parity,bm25_analyzed_parity,-,BM25 (Analyzed Parity Baseline),"k1=1.2, b=0.75, kstem+wordnet",248,98.92,99.46,99.46,99.46,65.59,87.1,92.47,95.7,85.17,94.44,96.95,98.16,21.72,12.23,8.41,5.11,0.8254,0.31,0.32,0.45,1.516,0.0,0.0,0.0,0.0,0.0
multihop_rag_doc_level,Baseline,Dense_BGE_Small,dense_bge_small,-,Dense (bge-small-en-v1.5),"dim=384, cosine, fp16",248,97.31,98.92,98.92,99.46,43.55,60.75,68.28,80.65,73.84,84.05,87.77,92.88,18.87,10.83,7.56,4.8,0.7108,12.5,12.71,14.07,1.428,1.286,0.0,0.0,0.0,0.0
multihop_rag_doc_level,Baseline,Dense_BGE_Large,dense_bge_large,-,Dense (bge-large-en-v1.5),"dim=1024, cosine, fp16",248,97.31,99.46,99.46,99.46,49.46,68.28,79.03,88.71,76.25,88.13,92.34,95.61,19.35,11.37,7.97,4.98,0.6851,23.55,23.71,25.03,8.95,3.722,0.0,0.0,0.0,0.0
multihop_rag_doc_level,Baseline,SPLADE_v3,splade_v3,-,SPLADE-v3 (DistilBERT),"sparse neural, distilbert",248,98.92,99.46,99.46,99.46,48.92,72.04,81.18,88.71,78.14,88.71,92.43,95.43,19.95,11.48,8.01,4.97,0.7286,7.4,7.46,8.74,7.3,4.094,0.0,0.0,0.0,0.0
multihop_rag_doc_level,Edge-RAG,v7,v7,1.0,Edge-RAG V7 Default (p=1.00),"p=1.00, tau_base=0.55, Delta_tau=0.0, mu=0.50, eta=0.0, eps=0.0",248,98.92,99.46,99.46,100.0,63.44,84.95,90.32,95.7,84.5,93.91,96.01,98.43,21.56,12.15,8.3,5.12,0.8276,52.57,53.84,64.7,6.832,0.201,0.0,0.0,0.0,0.0
financebench_doc_level,Baseline,BM25_Analyzed_Parity,bm25_analyzed_parity,-,BM25 (Analyzed Parity Baseline),"k1=1.2, b=0.75, kstem+wordnet",150,50.67,60.0,64.0,72.67,44.0,53.33,57.33,64.0,47.44,56.67,60.67,68.22,5.6,3.4,2.47,1.68,0.3092,0.2,0.21,0.37,0.945,0.0,0.0,0.0,0.0,0.0
financebench_doc_level,Baseline,Dense_BGE_Small,dense_bge_small,-,Dense (bge-small-en-v1.5),"dim=384, cosine, fp16",150,75.33,84.0,86.67,89.33,68.67,76.0,79.33,81.33,72.0,79.89,82.89,85.22,8.8,4.9,3.4,2.09,0.5177,14.15,14.31,15.17,3.535,1.349,0.0,0.0,0.0,0.0
financebench_doc_level,Baseline,Dense_BGE_Large,dense_bge_large,-,Dense (bge-large-en-v1.5),"dim=1024, cosine, fp16",150,86.0,90.0,91.33,93.33,80.0,85.33,87.33,90.0,83.0,87.67,89.44,91.78,10.27,5.4,3.71,2.29,0.6197,28.14,28.3,29.47,23.943,3.785,0.0,0.0,0.0,0.0
financebench_doc_level,Baseline,SPLADE_v3,splade_v3,-,SPLADE-v3 (DistilBERT),"sparse neural, distilbert",150,78.67,84.0,86.67,90.0,67.33,74.0,76.67,81.33,72.78,78.78,81.67,85.67,8.93,4.8,3.33,2.09,0.5268,7.95,8.16,9.36,25.091,4.111,0.0,0.0,0.0,0.0
financebench_doc_level,Edge-RAG,v7,v7,1.0,Edge-RAG V7 Default (p=1.00),"p=1.00, tau_base=0.55, Delta_tau=0.0, mu=0.50, eta=0.0, eps=0.0",150,54.0,62.67,70.67,74.67,49.33,57.33,64.0,67.33,51.44,59.78,67.11,71.0,6.27,3.67,2.71,1.75,0.313,55.89,61.28,93.91,3.418,0.232,0.0,0.0,0.0,0.0
bright_economics_doc_level,Baseline,BM25_Analyzed_Parity,bm25_analyzed_parity,-,BM25 (Analyzed Parity Baseline),"k1=1.2, b=0.75, kstem+wordnet",103,23.3,33.01,38.83,45.63,7.77,8.74,9.71,11.65,10.89,15.5,18.47,25.01,5.34,4.76,4.34,3.71,0.1413,1.21,1.32,2.14,4.403,0.0,0.0,0.0,0.0,0.0
bright_economics_doc_level,Baseline,Dense_BGE_Small,dense_bge_small,-,Dense (bge-small-en-v1.5),"dim=384, cosine, fp16",103,35.92,46.6,51.46,57.28,9.71,12.62,17.48,25.24,15.98,24.94,30.87,38.82,7.09,6.55,5.63,4.31,0.1717,73.74,73.95,75.65,14.911,1.349,0.0,0.0,0.0,0.0
bright_economics_doc_level,Baseline,Dense_BGE_Large,dense_bge_large,-,Dense (bge-large-en-v1.5),"dim=1024, cosine, fp16",103,33.98,41.75,47.57,58.25,9.71,14.56,18.45,24.27,16.71,24.63,28.69,38.43,8.16,6.36,5.4,4.35,0.2188,181.97,182.11,184.77,96.16,3.785,0.0,0.0,0.0,0.0
bright_economics_doc_level,Baseline,SPLADE_v3,splade_v3,-,SPLADE-v3 (DistilBERT),"sparse neural, distilbert",103,31.07,39.81,46.6,53.4,8.74,15.53,18.45,22.33,15.14,24.08,28.96,34.44,7.48,5.87,5.02,3.84,0.1791,48.5,49.11,55.41,169.27,4.147,0.0,0.0,0.0,0.0
bright_economics_doc_level,Edge-RAG,v7,v7,1.0,Edge-RAG V7 Default (p=1.00),"p=1.00, tau_base=0.55, Delta_tau=0.0, mu=0.50, eta=0.0, eps=0.0",103,20.39,28.16,30.1,40.78,8.74,12.62,12.62,14.56,11.84,16.75,18.2,24.1,3.4,2.96,2.56,2.23,0.0603,71.6,78.44,128.11,19.816,0.582,0.0,0.0,0.0,0.0
bright_stackoverflow_doc_level,Baseline,BM25_Analyzed_Parity,bm25_analyzed_parity,-,BM25 (Analyzed Parity Baseline),"k1=1.2, b=0.75, kstem+wordnet",117,29.06,34.19,41.88,48.72,8.55,11.97,12.82,17.95,16.02,21.12,25.75,31.62,5.47,3.8,3.5,2.51,0.1827,2.86,3.0,4.66,20.129,0.0,0.0,0.0,0.0,0.0
bright_stackoverflow_doc_level,Baseline,Dense_BGE_Small,dense_bge_small,-,Dense (bge-small-en-v1.5),"dim=384, cosine, fp16",117,26.5,37.61,42.74,47.86,5.98,16.24,19.66,22.22,12.63,23.25,28.4,32.83,4.1,3.68,3.05,2.32,0.1023,143.6,143.92,147.04,81.071,1.349,0.0,0.0,0.0,0.0
bright_stackoverflow_doc_level,Baseline,Dense_BGE_Large,dense_bge_large,-,Dense (bge-large-en-v1.5),"dim=1024, cosine, fp16",117,31.62,46.15,51.28,60.68,8.55,17.09,23.08,26.5,16.08,26.91,34.25,41.29,4.44,3.72,3.3,2.7,0.1271,365.42,365.39,371.43,548.537,3.785,0.0,0.0,0.0,0.0
bright_stackoverflow_doc_level,Baseline,SPLADE_v3,splade_v3,-,SPLADE-v3 (DistilBERT),"sparse neural, distilbert",117,33.33,42.74,47.01,50.43,8.55,11.11,13.68,16.24,17.0,23.21,27.82,31.37,5.3,3.97,3.39,2.58,0.1351,141.42,142.01,154.82,685.922,4.627,0.0,0.0,0.0,0.0
bright_stackoverflow_doc_level,Edge-RAG,v7,v7,1.0,Edge-RAG V7 Default (p=1.00),"p=1.00, tau_base=0.55, Delta_tau=0.0, mu=0.50, eta=0.0, eps=0.0",117,18.8,27.35,30.77,38.46,5.13,10.26,11.97,17.95,9.69,17.27,20.45,27.84,3.16,2.86,2.36,2.1,0.0798,116.14,129.7,238.69,40.976,0.696,0.0,0.0,0.0,0.0
bright_robotics_doc_level,Baseline,BM25_Analyzed_Parity,bm25_analyzed_parity,-,BM25 (Analyzed Parity Baseline),"k1=1.2, b=0.75, kstem+wordnet",101,17.82,22.77,27.72,36.63,5.94,7.92,8.91,11.88,8.07,12.16,15.03,20.81,1.98,1.93,1.72,1.58,0.0719,1.39,1.73,3.93,3.014,0.0,0.0,0.0,0.0,0.0
bright_robotics_doc_level,Baseline,Dense_BGE_Small,dense_bge_small,-,Dense (bge-small-en-v1.5),"dim=384, cosine, fp16",101,30.69,37.62,39.6,46.53,9.9,11.88,12.87,14.85,15.33,18.72,19.94,24.65,4.85,3.22,2.44,1.86,0.1563,89.13,89.57,92.81,16.438,1.349,0.0,0.0,0.0,0.0
bright_robotics_doc_level,Baseline,Dense_BGE_Large,dense_bge_large,-,Dense (bge-large-en-v1.5),"dim=1024, cosine, fp16",101,33.66,38.61,39.6,43.56,9.9,12.87,12.87,12.87,15.4,20.13,20.73,22.95,5.25,3.66,2.64,1.86,0.1774,223.31,224.35,230.93,107.88,3.785,0.0,0.0,0.0,0.0
bright_robotics_doc_level,Baseline,SPLADE_v3,splade_v3,-,SPLADE-v3 (DistilBERT),"sparse neural, distilbert",101,32.67,42.57,44.55,52.48,11.88,14.85,16.83,20.79,18.25,24.0,27.03,33.68,5.64,4.46,3.43,2.71,0.1872,61.06,62.75,74.06,172.291,4.151,0.0,0.0,0.0,0.0
bright_robotics_doc_level,Edge-RAG,v7,v7,1.0,Edge-RAG V7 Default (p=1.00),"p=1.00, tau_base=0.55, Delta_tau=0.0, mu=0.50, eta=0.0, eps=0.0",101,14.85,23.76,29.7,37.62,7.92,8.91,13.86,16.83,9.35,12.74,18.83,23.62,1.49,1.49,1.62,1.45,0.0433,137.5,175.41,405.9,18.359,0.446,0.0,0.0,0.0,0.0
beir_fiqa_doc_level,Edge-RAG,v7_calibrated,v7_calibrated_optimal,1.0,Edge-RAG V7 Calibrated (Frozen),"strategy=salience, N=2500, dtau=+0.10, beta=1.0, mu=0.50, eta=0.0, eps=0.005",500,45.4,55.6,60.6,66.2,16.2,23.2,25.6,29.4,28.69,37.45,41.43,46.87,6.28,4.07,3.05,2.13,0.2777,25.19,25.28,32.96,14.62,0.36,0.0,0.0,0.0,0.0
beir_nfcorpus_doc_level,Edge-RAG,v7_calibrated,v7_calibrated_optimal,1.0,Edge-RAG V7 Calibrated (Frozen),"strategy=salience, N=2500, dtau=+0.10, beta=1.0, mu=0.50, eta=0.0, eps=0.005",323,69.35,73.07,74.92,75.85,3.72,4.02,4.33,4.64,14.49,17.55,19.08,21.57,23.22,16.72,13.33,10.14,0.5197,16.41,16.46,21.97,14.62,0.36,0.0,0.0,0.0,0.0
beir_scifact_doc_level,Edge-RAG,v7_calibrated,v7_calibrated_optimal,1.0,Edge-RAG V7 Calibrated (Frozen),"strategy=salience, N=2500, dtau=+0.10, beta=1.0, mu=0.50, eta=0.0, eps=0.005",300,81.0,84.67,86.0,87.0,77.67,81.0,83.33,85.33,79.29,83.03,84.87,86.36,8.67,4.62,3.18,1.95,0.6252,23.72,24.05,31.09,14.62,0.36,0.0,0.0,0.0,0.0
bright_economics_doc_level,Edge-RAG,v7_calibrated,v7_calibrated_optimal,1.0,Edge-RAG V7 Calibrated (Frozen),"strategy=salience, N=2500, dtau=+0.10, beta=1.0, mu=0.50, eta=0.0, eps=0.005",103,24.27,31.07,37.86,46.6,9.71,11.65,11.65,14.56,12.58,17.59,20.39,25.45,5.44,4.66,4.05,3.15,0.1176,67.28,71.75,119.51,14.62,0.36,0.0,0.0,0.0,0.0
bright_robotics_doc_level,Edge-RAG,v7_calibrated,v7_calibrated_optimal,1.0,Edge-RAG V7 Calibrated (Frozen),"strategy=salience, N=2500, dtau=+0.10, beta=1.0, mu=0.50, eta=0.0, eps=0.005",101,23.76,31.68,38.61,48.51,8.91,11.88,15.84,17.82,12.55,18.13,23.18,28.84,3.37,2.97,2.54,2.02,0.0968,79.22,99.37,216.67,14.62,0.36,0.0,0.0,0.0,0.0
bright_stackoverflow_doc_level,Edge-RAG,v7_calibrated,v7_calibrated_optimal,1.0,Edge-RAG V7 Calibrated (Frozen),"strategy=salience, N=2500, dtau=+0.10, beta=1.0, mu=0.50, eta=0.0, eps=0.005",117,39.32,43.59,47.01,51.28,10.26,13.68,14.53,20.51,21.39,27.11,30.66,36.93,7.52,5.09,4.05,3.01,0.197,82.6,86.81,141.34,14.62,0.36,0.0,0.0,0.0,0.0
enterpriserag_doc_level,Edge-RAG,v7_calibrated,v7_calibrated_optimal,1.0,Edge-RAG V7 Calibrated (Frozen),"strategy=salience, N=2500, dtau=+0.10, beta=1.0, mu=0.50, eta=0.0, eps=0.005",470,93.62,97.45,97.66,98.94,89.15,94.47,95.53,97.23,91.83,96.29,96.82,98.32,13.68,7.26,4.92,3.0,0.8691,38.34,39.57,55.99,14.62,0.36,0.0,0.0,0.0,0.0
financebench_doc_level,Edge-RAG,v7_calibrated,v7_calibrated_optimal,1.0,Edge-RAG V7 Calibrated (Frozen),"strategy=salience, N=2500, dtau=+0.10, beta=1.0, mu=0.50, eta=0.0, eps=0.005",150,54.67,64.67,70.67,75.33,50.67,58.67,64.0,68.0,52.44,61.44,67.11,71.67,6.4,3.77,2.71,1.76,0.3364,31.02,32.52,49.15,14.62,0.36,0.0,0.0,0.0,0.0
liverag_doc_level,Edge-RAG,v7_calibrated,v7_calibrated_optimal,1.0,Edge-RAG V7 Calibrated (Frozen),"strategy=salience, N=2500, dtau=+0.10, beta=1.0, mu=0.50, eta=0.0, eps=0.005",895,97.65,98.32,98.55,98.99,96.87,97.88,98.21,98.66,97.26,98.1,98.38,98.83,11.21,5.65,3.78,2.28,0.9373,27.13,27.74,37.89,14.62,0.36,0.0,0.0,0.0,0.0
multihop_rag_doc_level,Edge-RAG,v7_calibrated,v7_calibrated_optimal,1.0,Edge-RAG V7 Calibrated (Frozen),"strategy=salience, N=2500, dtau=+0.10, beta=1.0, mu=0.50, eta=0.0, eps=0.005",186,98.92,99.46,99.46,100.0,65.05,87.63,90.86,95.7,85.04,94.8,96.19,98.43,21.77,12.28,8.32,5.12,0.8388,42.65,43.1,54.38,14.62,0.36,0.0,0.0,0.0,0.0
