config_id,bailout_enabled,bailout_tau_sim,bailout_tau_idf,dataset,num_queries,strict_10,doc_rec_10,strict_50,doc_rec_50,mrr_10,avg_bailed_cands_generated,avg_bailed_stems_in_qvec,avg_final_qvec_len,avg_anchors,in_pool_hit_rate_pct,lat_total_mean_ms,lat_total_p50_ms,lat_total_p95_ms,lat_anchor_total_ms,lat_bailout_ms,lat_probing_ms,lat_itmpe_ms,lat_bm25_ms,tti_total_sec,tti_bm25_sec,tti_vocab_sec,tti_matrix_sec
baseline_no_bailout,False,0.85,999.0,enterpriserag_doc_level,500,85.32,82.12,90.21,88.8,0.7221,0.0,0.117,1014.56,21.91,45.66,13.15,12.95,16.13,3.872,0.038,0.14,0.78,8.3,66.77,63.25,0.52,3.0
bailout__sim_0.65__idf_0.0,True,0.65,0.0,enterpriserag_doc_level,500,85.11,82.1,90.43,89.01,0.7218,35374.953,18129.394,19143.83,21.91,45.66,180.14,172.23,271.61,6.98,65.787,0.53,7.59,96.27,66.77,63.25,0.52,3.0
bailout__sim_0.70__idf_0.0,True,0.7,0.0,enterpriserag_doc_level,500,84.89,81.92,90.43,88.91,0.7263,5531.923,4585.938,5600.38,21.91,45.66,75.08,71.03,115.87,4.764,25.173,0.3,1.81,42.57,66.77,63.25,0.52,3.0
bailout__sim_0.75__idf_0.0,True,0.75,0.0,enterpriserag_doc_level,500,85.11,82.0,90.0,88.59,0.7261,1572.315,1489.226,2503.67,21.91,45.66,43.96,41.28,67.58,4.274,19.509,0.28,1.09,18.65,66.77,63.25,0.52,3.0
bailout__sim_0.80__idf_0.0,True,0.8,0.0,enterpriserag_doc_level,500,84.68,81.75,90.21,88.83,0.7278,629.396,603.406,1617.85,21.91,45.66,35.76,33.79,54.68,4.145,18.049,0.27,0.88,12.34,66.77,63.25,0.52,3.0
bailout__sim_0.85__idf_0.0,True,0.85,0.0,enterpriserag_doc_level,500,84.68,81.92,90.43,89.1,0.7236,188.987,181.436,1195.88,21.91,45.66,32.06,30.83,46.7,4.051,17.412,0.27,0.79,9.49,66.77,63.25,0.52,3.0
bailout__sim_0.65__idf_2.0,True,0.65,2.0,enterpriserag_doc_level,500,85.32,82.14,90.43,89.01,0.7222,14754.181,10437.828,11452.27,21.91,45.66,113.05,109.51,186.04,5.096,28.694,0.32,3.72,73.92,66.77,63.25,0.52,3.0
bailout__sim_0.70__idf_2.0,True,0.7,2.0,enterpriserag_doc_level,500,85.32,82.18,90.43,88.91,0.7235,2404.268,2179.174,3193.61,21.91,45.66,42.16,39.29,71.0,4.187,11.745,0.24,1.24,24.53,66.77,63.25,0.52,3.0
bailout__sim_0.75__idf_2.0,True,0.75,2.0,enterpriserag_doc_level,500,85.11,82.0,90.21,88.8,0.7242,662.185,628.379,1642.82,21.91,45.66,26.69,25.14,41.44,4.062,9.261,0.23,0.89,12.17,66.77,63.25,0.52,3.0
bailout__sim_0.80__idf_2.0,True,0.8,2.0,enterpriserag_doc_level,500,84.68,81.78,90.21,88.83,0.7261,237.855,219.011,1233.45,21.91,45.66,23.46,22.18,35.64,4.034,8.633,0.22,0.8,9.72,66.77,63.25,0.52,3.0
bailout__sim_0.85__idf_2.0,True,0.85,2.0,enterpriserag_doc_level,500,84.89,82.0,90.64,89.32,0.7227,76.296,69.168,1083.61,21.91,45.66,22.06,21.08,31.19,3.997,8.377,0.22,0.77,8.65,66.77,63.25,0.52,3.0
bailout__sim_0.65__idf_3.0,True,0.65,3.0,enterpriserag_doc_level,500,85.32,82.14,90.43,89.01,0.7221,6781.728,5666.215,6680.66,21.91,45.66,68.9,65.18,129.06,4.584,13.917,0.26,2.1,47.46,66.77,63.25,0.52,3.0
bailout__sim_0.70__idf_3.0,True,0.7,3.0,enterpriserag_doc_level,500,85.32,82.21,90.43,89.01,0.7225,1074.121,1002.815,2017.26,21.91,45.66,27.67,26.05,46.02,4.057,6.186,0.2,0.97,16.15,66.77,63.25,0.52,3.0
bailout__sim_0.75__idf_3.0,True,0.75,3.0,enterpriserag_doc_level,500,85.11,81.98,90.43,89.01,0.7261,280.838,255.772,1270.21,21.91,45.66,20.22,19.34,29.5,4.009,5.063,0.19,0.81,10.09,66.77,63.25,0.52,3.0
bailout__sim_0.80__idf_3.0,True,0.8,3.0,enterpriserag_doc_level,500,84.89,81.75,90.43,89.04,0.7255,110.851,93.17,1107.61,21.91,45.66,18.77,17.98,26.66,4.001,4.84,0.2,0.78,8.91,66.77,63.25,0.52,3.0
bailout__sim_0.85__idf_3.0,True,0.85,3.0,enterpriserag_doc_level,500,84.68,81.61,90.64,89.32,0.7214,46.504,39.453,1053.89,21.91,45.66,18.18,17.51,25.06,3.953,4.706,0.18,0.77,8.53,66.77,63.25,0.52,3.0
bailout__sim_0.65__idf_4.0,True,0.65,4.0,enterpriserag_doc_level,500,85.32,82.14,90.21,88.8,0.7219,3395.704,3060.945,4075.39,21.91,45.66,43.3,39.15,90.41,4.256,7.493,0.21,1.46,29.57,66.77,63.25,0.52,3.0
bailout__sim_0.70__idf_4.0,True,0.7,4.0,enterpriserag_doc_level,500,85.32,82.15,90.43,88.91,0.7236,586.566,555.349,1569.79,21.91,45.66,21.04,19.57,35.48,4.02,3.581,0.18,0.88,12.3,66.77,63.25,0.52,3.0
bailout__sim_0.75__idf_4.0,True,0.75,4.0,enterpriserag_doc_level,500,85.11,81.98,90.43,88.91,0.7259,174.689,159.289,1173.73,21.91,45.66,17.29,16.61,23.98,3.983,2.996,0.18,0.79,9.3,66.77,63.25,0.52,3.0
bailout__sim_0.80__idf_4.0,True,0.8,4.0,enterpriserag_doc_level,500,85.11,81.93,90.43,88.93,0.726,72.247,61.347,1075.79,21.91,45.66,16.5,15.96,21.61,3.95,2.851,0.17,0.78,8.71,66.77,63.25,0.52,3.0
bailout__sim_0.85__idf_4.0,True,0.85,4.0,enterpriserag_doc_level,500,84.89,81.8,90.64,89.17,0.7239,30.819,26.594,1041.03,21.91,45.66,15.98,15.35,20.57,3.891,2.751,0.17,0.77,8.37,66.77,63.25,0.52,3.0
baseline_no_bailout,False,0.85,999.0,liverag_doc_level,895,97.77,97.32,98.99,98.83,0.9392,0.0,0.012,1004.71,11.31,56.69,8.55,8.57,10.03,2.533,0.035,0.13,0.73,5.09,3.74,2.03,0.05,1.66
bailout__sim_0.65__idf_0.0,True,0.65,0.0,liverag_doc_level,895,97.77,97.37,98.99,98.83,0.9402,8989.638,5819.686,6824.38,11.31,56.69,54.86,53.37,87.67,3.008,19.817,0.27,2.16,29.0,3.74,2.03,0.05,1.66
bailout__sim_0.70__idf_0.0,True,0.7,0.0,liverag_doc_level,895,97.88,97.49,98.99,98.88,0.9391,1182.778,1029.189,2033.88,11.31,56.69,23.78,23.32,35.44,2.669,9.29,0.22,0.91,10.57,3.74,2.03,0.05,1.66
bailout__sim_0.75__idf_0.0,True,0.75,0.0,liverag_doc_level,895,98.1,97.71,99.22,99.16,0.9412,199.251,191.606,1196.3,11.31,56.69,17.67,17.49,24.72,2.6,7.962,0.21,0.73,6.12,3.74,2.03,0.05,1.66
bailout__sim_0.80__idf_0.0,True,0.8,0.0,liverag_doc_level,895,98.1,97.77,99.22,99.11,0.9412,46.534,45.759,1050.45,11.31,56.69,16.64,16.54,22.78,2.599,7.758,0.21,0.7,5.33,3.74,2.03,0.05,1.66
bailout__sim_0.85__idf_0.0,True,0.85,0.0,liverag_doc_level,895,97.88,97.49,99.44,99.27,0.9383,11.105,10.954,1015.65,11.31,56.69,16.18,16.1,22.38,2.517,7.617,0.19,0.7,5.13,3.74,2.03,0.05,1.66
bailout__sim_0.65__idf_2.0,True,0.65,2.0,liverag_doc_level,895,97.77,97.37,98.99,98.83,0.9402,3750.63,3129.604,4134.3,11.31,56.69,35.34,33.98,60.96,2.785,9.489,0.23,1.35,21.21,3.74,2.03,0.05,1.66
bailout__sim_0.70__idf_2.0,True,0.7,2.0,liverag_doc_level,895,97.88,97.49,98.99,98.88,0.9397,546.582,515.772,1520.46,11.31,56.69,16.8,16.41,24.28,2.627,5.293,0.19,0.8,7.81,3.74,2.03,0.05,1.66
bailout__sim_0.75__idf_2.0,True,0.75,2.0,liverag_doc_level,895,98.1,97.71,99.22,99.16,0.9416,95.961,93.458,1098.15,11.31,56.69,13.87,13.7,18.37,2.608,4.699,0.19,0.71,5.62,3.74,2.03,0.05,1.66
bailout__sim_0.80__idf_2.0,True,0.8,2.0,liverag_doc_level,895,98.1,97.77,99.22,99.11,0.9408,22.769,22.328,1027.02,11.31,56.69,13.19,13.03,17.24,2.583,4.545,0.19,0.69,5.15,3.74,2.03,0.05,1.66
bailout__sim_0.85__idf_2.0,True,0.85,2.0,liverag_doc_level,895,97.88,97.54,99.44,99.27,0.939,5.996,5.876,1010.57,11.31,56.69,13.14,13.02,17.09,2.594,4.526,0.19,0.69,5.11,3.74,2.03,0.05,1.66
bailout__sim_0.65__idf_3.0,True,0.65,3.0,liverag_doc_level,895,97.77,97.37,98.99,98.83,0.9407,1839.127,1673.611,2678.3,11.31,56.69,23.39,21.95,40.99,2.704,5.495,0.2,1.03,13.81,3.74,2.03,0.05,1.66
bailout__sim_0.70__idf_3.0,True,0.7,3.0,liverag_doc_level,895,97.99,97.6,98.99,98.88,0.9408,264.539,255.553,1260.25,11.31,56.69,13.54,13.3,18.8,2.633,3.417,0.18,0.75,6.5,3.74,2.03,0.05,1.66
bailout__sim_0.75__idf_3.0,True,0.75,3.0,liverag_doc_level,895,98.1,97.71,99.11,99.05,0.944,45.841,44.794,1049.49,11.31,56.69,11.94,11.82,15.34,2.596,3.107,0.18,0.7,5.32,3.74,2.03,0.05,1.66
bailout__sim_0.80__idf_3.0,True,0.8,3.0,liverag_doc_level,895,98.1,97.77,99.22,99.11,0.9437,10.391,10.152,1014.84,11.31,56.69,11.67,11.57,14.79,2.586,3.047,0.18,0.7,5.12,3.74,2.03,0.05,1.66
bailout__sim_0.85__idf_3.0,True,0.85,3.0,liverag_doc_level,895,97.99,97.6,99.33,99.16,0.941,2.934,2.855,1007.55,11.31,56.69,11.7,11.54,14.94,2.616,3.043,0.18,0.71,5.12,3.74,2.03,0.05,1.66
bailout__sim_0.65__idf_4.0,True,0.65,4.0,liverag_doc_level,895,97.77,97.37,98.99,98.83,0.9401,1356.349,1256.373,2261.07,11.31,56.69,20.02,17.85,37.75,2.649,4.381,0.18,0.96,11.73,3.74,2.03,0.05,1.66
bailout__sim_0.70__idf_4.0,True,0.7,4.0,liverag_doc_level,895,97.99,97.6,98.99,98.88,0.9408,191.379,186.049,1190.74,11.31,56.69,12.55,12.22,17.63,2.616,2.846,0.18,0.74,6.12,3.74,2.03,0.05,1.66
bailout__sim_0.75__idf_4.0,True,0.75,4.0,liverag_doc_level,895,98.1,97.71,99.11,99.05,0.9436,32.804,32.108,1036.8,11.31,56.69,11.43,11.35,14.56,2.607,2.624,0.18,0.71,5.28,3.74,2.03,0.05,1.66
bailout__sim_0.80__idf_4.0,True,0.8,4.0,liverag_doc_level,895,98.1,97.77,99.22,99.11,0.9431,7.377,7.206,1011.9,11.31,56.69,11.12,11.08,13.97,2.57,2.558,0.18,0.7,5.08,3.74,2.03,0.05,1.66
bailout__sim_0.85__idf_4.0,True,0.85,4.0,liverag_doc_level,895,97.99,97.6,99.33,99.16,0.9404,2.006,1.947,1006.64,11.31,56.69,11.14,11.04,14.13,2.547,2.53,0.17,0.72,5.14,3.74,2.03,0.05,1.66
baseline_no_bailout,False,0.85,999.0,beir_scifact_doc_level,300,81.0,79.29,87.0,86.36,0.6266,0.0,0.09,1000.14,9.13,76.58,7.93,8.01,9.32,1.784,0.031,0.11,0.65,5.32,3.7,2.17,0.04,1.5
bailout__sim_0.65__idf_0.0,True,0.65,0.0,beir_scifact_doc_level,300,80.67,78.96,87.33,86.76,0.6263,7253.593,5595.52,6595.57,9.13,76.58,51.55,49.37,82.88,2.433,14.911,0.22,1.86,31.62,3.7,2.17,0.04,1.5
bailout__sim_0.70__idf_0.0,True,0.7,0.0,beir_scifact_doc_level,300,80.67,78.96,87.67,87.02,0.6285,1179.01,1085.063,2085.12,9.13,76.58,20.96,20.04,31.11,1.942,6.754,0.18,0.87,11.11,3.7,2.17,0.04,1.5
bailout__sim_0.75__idf_0.0,True,0.75,0.0,beir_scifact_doc_level,300,82.0,80.11,88.67,87.92,0.6316,263.7,254.363,1254.42,9.13,76.58,15.34,14.9,21.64,1.905,5.637,0.18,0.7,6.85,3.7,2.17,0.04,1.5
bailout__sim_0.80__idf_0.0,True,0.8,0.0,beir_scifact_doc_level,300,82.0,80.34,88.67,88.09,0.6314,75.523,74.023,1074.08,9.13,76.58,14.01,13.53,19.61,1.859,5.37,0.17,0.67,5.89,3.7,2.17,0.04,1.5
bailout__sim_0.85__idf_0.0,True,0.85,0.0,beir_scifact_doc_level,300,82.67,81.07,89.0,88.52,0.6319,18.553,18.38,1018.43,9.13,76.58,13.47,13.0,18.64,1.903,5.238,0.18,0.66,5.45,3.7,2.17,0.04,1.5
bailout__sim_0.65__idf_2.0,True,0.65,2.0,beir_scifact_doc_level,300,81.0,79.29,87.33,86.76,0.6266,5222.263,4344.47,5344.52,9.13,76.58,44.09,41.5,71.33,2.357,11.442,0.23,1.65,28.01,3.7,2.17,0.04,1.5
bailout__sim_0.70__idf_2.0,True,0.7,2.0,beir_scifact_doc_level,300,81.0,79.29,87.67,87.02,0.6288,862.93,809.523,1809.58,9.13,76.58,18.9,17.88,28.23,2.029,5.534,0.2,0.88,10.15,3.7,2.17,0.04,1.5
bailout__sim_0.75__idf_2.0,True,0.75,2.0,beir_scifact_doc_level,300,82.0,80.02,88.67,87.92,0.6299,186.157,179.823,1179.88,9.13,76.58,14.19,13.74,20.14,1.999,4.593,0.19,0.73,6.64,3.7,2.17,0.04,1.5
bailout__sim_0.80__idf_2.0,True,0.8,2.0,beir_scifact_doc_level,300,82.0,80.34,88.67,88.09,0.6312,52.15,50.97,1051.02,9.13,76.58,12.67,12.26,17.13,1.806,4.261,0.16,0.67,5.73,3.7,2.17,0.04,1.5
bailout__sim_0.85__idf_2.0,True,0.85,2.0,beir_scifact_doc_level,300,82.67,81.07,89.33,88.86,0.6316,13.983,13.82,1013.87,9.13,76.58,12.42,11.97,16.5,1.883,4.205,0.18,0.65,5.47,3.7,2.17,0.04,1.5
bailout__sim_0.65__idf_3.0,True,0.65,3.0,beir_scifact_doc_level,300,81.0,79.29,87.33,86.76,0.6266,3459.85,3025.947,4026.0,9.13,76.58,33.28,31.07,55.6,2.122,7.966,0.21,1.34,21.36,3.7,2.17,0.04,1.5
bailout__sim_0.70__idf_3.0,True,0.7,3.0,beir_scifact_doc_level,300,81.0,79.29,87.67,87.02,0.6288,577.963,546.957,1547.01,9.13,76.58,15.3,14.8,22.45,1.885,3.995,0.17,0.79,8.39,3.7,2.17,0.04,1.5
bailout__sim_0.75__idf_3.0,True,0.75,3.0,beir_scifact_doc_level,300,82.0,80.02,88.67,87.92,0.63,121.147,116.887,1116.94,9.13,76.58,12.24,11.81,16.5,1.892,3.389,0.17,0.68,6.06,3.7,2.17,0.04,1.5
bailout__sim_0.80__idf_3.0,True,0.8,3.0,beir_scifact_doc_level,300,82.0,80.27,89.0,88.42,0.631,32.49,31.59,1031.64,9.13,76.58,11.7,11.38,15.51,1.924,3.265,0.18,0.67,5.62,3.7,2.17,0.04,1.5
bailout__sim_0.85__idf_3.0,True,0.85,3.0,beir_scifact_doc_level,300,83.0,81.34,89.0,88.59,0.6306,9.253,9.107,1009.16,9.13,76.58,11.12,10.88,14.25,1.849,3.137,0.17,0.62,5.31,3.7,2.17,0.04,1.5
bailout__sim_0.65__idf_4.0,True,0.65,4.0,beir_scifact_doc_level,300,81.0,79.29,87.33,86.76,0.6266,2098.543,1894.473,2894.53,9.13,76.58,23.5,22.09,42.47,1.987,5.108,0.17,1.03,15.03,3.7,2.17,0.04,1.5
bailout__sim_0.70__idf_4.0,True,0.7,4.0,beir_scifact_doc_level,300,81.0,79.29,87.67,87.02,0.6288,366.04,347.197,1347.25,9.13,76.58,12.73,12.28,18.16,1.858,2.799,0.16,0.72,7.13,3.7,2.17,0.04,1.5
bailout__sim_0.75__idf_4.0,True,0.75,4.0,beir_scifact_doc_level,300,82.0,80.02,88.33,87.76,0.63,78.39,75.227,1075.28,9.13,76.58,10.72,10.54,13.91,1.831,2.389,0.15,0.64,5.67,3.7,2.17,0.04,1.5
bailout__sim_0.80__idf_4.0,True,0.8,4.0,beir_scifact_doc_level,300,82.33,80.61,88.67,88.09,0.6312,20.277,19.55,1019.6,9.13,76.58,10.32,10.26,12.85,1.836,2.297,0.15,0.62,5.38,3.7,2.17,0.04,1.5
bailout__sim_0.85__idf_4.0,True,0.85,4.0,beir_scifact_doc_level,300,83.0,81.27,89.0,88.59,0.6289,5.86,5.74,1005.79,9.13,76.58,10.26,10.21,12.84,1.862,2.295,0.16,0.63,5.28,3.7,2.17,0.04,1.5
baseline_no_bailout,False,0.85,999.0,beir_nfcorpus_doc_level,323,68.42,14.21,76.16,20.8,0.5191,0.0,0.009,776.13,2.76,83.35,5.27,5.69,7.93,0.728,0.023,0.14,0.31,4.05,2.62,1.39,0.02,1.21
bailout__sim_0.65__idf_0.0,True,0.65,0.0,beir_nfcorpus_doc_level,323,69.35,14.64,79.26,22.55,0.5199,1529.929,1341.384,2117.5,2.76,83.35,16.2,15.51,35.34,0.803,3.459,0.16,0.6,11.06,2.62,1.39,0.02,1.21
bailout__sim_0.70__idf_0.0,True,0.7,0.0,beir_nfcorpus_doc_level,323,69.66,14.91,77.71,22.88,0.5257,242.393,232.892,1009.01,2.76,83.35,8.28,8.27,14.47,0.75,1.714,0.14,0.37,5.26,2.62,1.39,0.02,1.21
bailout__sim_0.75__idf_0.0,True,0.75,0.0,beir_nfcorpus_doc_level,323,69.97,14.97,78.02,22.72,0.5179,49.04,48.3,824.42,2.76,83.35,6.99,7.17,11.03,0.747,1.451,0.14,0.33,4.29,2.62,1.39,0.02,1.21
bailout__sim_0.80__idf_0.0,True,0.8,0.0,beir_nfcorpus_doc_level,323,69.66,14.77,78.33,22.28,0.5287,14.895,14.749,790.87,2.76,83.35,6.77,6.96,10.49,0.748,1.411,0.14,0.33,4.11,2.62,1.39,0.02,1.21
bailout__sim_0.85__idf_0.0,True,0.85,0.0,beir_nfcorpus_doc_level,323,69.35,14.49,76.16,21.46,0.5235,3.418,3.375,779.5,2.76,83.35,6.77,6.95,10.56,0.759,1.406,0.14,0.32,4.11,2.62,1.39,0.02,1.21
bailout__sim_0.65__idf_2.0,True,0.65,2.0,beir_nfcorpus_doc_level,323,69.35,14.64,79.26,22.57,0.5199,1208.158,1090.588,1866.71,2.76,83.35,14.08,12.51,31.78,0.794,2.818,0.16,0.54,9.66,2.62,1.39,0.02,1.21
bailout__sim_0.70__idf_2.0,True,0.7,2.0,beir_nfcorpus_doc_level,323,69.66,14.91,77.71,22.88,0.5249,183.848,177.898,954.02,2.76,83.35,7.82,7.88,13.26,0.772,1.49,0.14,0.36,5.01,2.62,1.39,0.02,1.21
bailout__sim_0.75__idf_2.0,True,0.75,2.0,beir_nfcorpus_doc_level,323,69.97,14.96,78.02,22.73,0.5181,33.854,33.359,809.48,2.76,83.35,6.77,7.04,10.42,0.763,1.281,0.14,0.33,4.22,2.62,1.39,0.02,1.21
bailout__sim_0.80__idf_2.0,True,0.8,2.0,beir_nfcorpus_doc_level,323,69.66,14.76,78.33,22.28,0.5287,10.344,10.229,786.35,2.76,83.35,6.77,7.05,10.14,0.784,1.287,0.15,0.33,4.19,2.62,1.39,0.02,1.21
bailout__sim_0.85__idf_2.0,True,0.85,2.0,beir_nfcorpus_doc_level,323,69.35,14.48,76.16,21.44,0.5239,2.728,2.684,778.8,2.76,83.35,6.57,6.86,9.81,0.766,1.238,0.14,0.33,4.06,2.62,1.39,0.02,1.21
bailout__sim_0.65__idf_3.0,True,0.65,3.0,beir_nfcorpus_doc_level,323,69.66,14.76,79.26,22.57,0.5218,745.882,700.118,1476.24,2.76,83.35,11.11,9.77,23.46,0.759,1.997,0.15,0.46,7.67,2.62,1.39,0.02,1.21
bailout__sim_0.70__idf_3.0,True,0.7,3.0,beir_nfcorpus_doc_level,323,69.97,15.01,77.4,22.86,0.5251,110.885,108.461,884.58,2.76,83.35,7.07,7.12,11.06,0.748,1.177,0.13,0.34,4.63,2.62,1.39,0.02,1.21
bailout__sim_0.75__idf_3.0,True,0.75,3.0,beir_nfcorpus_doc_level,323,70.28,15.08,77.71,22.74,0.5167,20.362,20.099,796.22,2.76,83.35,6.51,6.85,9.38,0.766,1.068,0.14,0.33,4.17,2.62,1.39,0.02,1.21
bailout__sim_0.80__idf_3.0,True,0.8,3.0,beir_nfcorpus_doc_level,323,69.97,14.94,78.02,22.19,0.5261,5.889,5.799,781.92,2.76,83.35,6.44,6.75,9.31,0.775,1.048,0.14,0.33,4.12,2.62,1.39,0.02,1.21
bailout__sim_0.85__idf_3.0,True,0.85,3.0,beir_nfcorpus_doc_level,323,69.35,14.58,76.47,21.52,0.5192,1.635,1.591,777.71,2.76,83.35,6.26,6.53,9.07,0.746,1.012,0.13,0.32,4.02,2.62,1.39,0.02,1.21
bailout__sim_0.65__idf_4.0,True,0.65,4.0,beir_nfcorpus_doc_level,323,69.66,14.75,79.26,22.57,0.5221,524.105,501.858,1277.98,2.76,83.35,9.61,8.12,19.35,0.754,1.585,0.14,0.42,6.65,2.62,1.39,0.02,1.21
bailout__sim_0.70__idf_4.0,True,0.7,4.0,beir_nfcorpus_doc_level,323,69.97,15.0,77.4,22.86,0.5234,77.362,76.028,852.15,2.76,83.35,6.74,6.86,10.6,0.788,1.012,0.13,0.33,4.43,2.62,1.39,0.02,1.21
bailout__sim_0.75__idf_4.0,True,0.75,4.0,beir_nfcorpus_doc_level,323,69.97,15.03,77.71,22.74,0.5146,14.142,13.926,790.05,2.76,83.35,6.32,6.51,9.47,0.784,0.922,0.14,0.33,4.11,2.62,1.39,0.02,1.21
bailout__sim_0.80__idf_4.0,True,0.8,4.0,beir_nfcorpus_doc_level,323,69.97,14.96,78.02,22.15,0.5245,4.096,4.006,780.13,2.76,83.35,6.15,6.43,8.95,0.756,0.891,0.13,0.32,4.02,2.62,1.39,0.02,1.21
bailout__sim_0.85__idf_4.0,True,0.85,4.0,beir_nfcorpus_doc_level,323,69.35,14.6,76.47,21.42,0.5212,1.207,1.164,777.28,2.76,83.35,6.08,6.35,8.81,0.741,0.874,0.13,0.32,4.0,2.62,1.39,0.02,1.21
baseline_no_bailout,False,0.85,999.0,beir_fiqa_doc_level,648,46.76,29.89,66.67,47.1,0.2969,0.0,0.023,998.27,7.7,77.23,9.87,9.95,11.86,1.601,0.027,0.11,0.53,7.57,14.12,12.24,0.07,1.8
bailout__sim_0.65__idf_0.0,True,0.65,0.0,beir_fiqa_doc_level,648,46.6,29.95,66.67,47.16,0.2966,8964.284,6337.948,7336.19,7.7,77.23,71.31,71.5,105.59,4.176,19.407,0.46,2.15,44.43,14.12,12.24,0.07,1.8
bailout__sim_0.70__idf_0.0,True,0.7,0.0,beir_fiqa_doc_level,648,47.07,30.22,66.82,47.18,0.2973,1319.793,1184.009,2182.25,7.7,77.23,29.62,29.46,44.52,1.925,7.979,0.19,0.79,18.61,14.12,12.24,0.07,1.8
bailout__sim_0.75__idf_0.0,True,0.75,0.0,beir_fiqa_doc_level,648,47.69,30.54,66.98,47.56,0.2978,281.921,273.151,1271.4,7.7,77.23,19.21,18.96,26.58,1.717,6.424,0.18,0.57,10.27,14.12,12.24,0.07,1.8
bailout__sim_0.80__idf_0.0,True,0.8,0.0,beir_fiqa_doc_level,648,48.46,31.21,67.9,47.92,0.3,79.105,78.028,1076.27,7.7,77.23,16.94,16.68,22.93,1.684,6.147,0.18,0.53,8.36,14.12,12.24,0.07,1.8
bailout__sim_0.85__idf_0.0,True,0.85,0.0,beir_fiqa_doc_level,648,47.69,30.61,68.06,47.71,0.2986,15.926,15.823,1014.07,7.7,77.23,16.12,15.87,21.43,1.639,5.992,0.17,0.52,7.76,14.12,12.24,0.07,1.8
bailout__sim_0.65__idf_2.0,True,0.65,2.0,beir_fiqa_doc_level,648,46.6,29.95,66.67,47.16,0.2966,6454.711,5049.46,6047.7,7.7,77.23,61.38,60.61,93.93,3.783,14.75,0.41,1.76,40.15,14.12,12.24,0.07,1.8
bailout__sim_0.70__idf_2.0,True,0.7,2.0,beir_fiqa_doc_level,648,47.07,30.22,66.82,47.2,0.2973,978.573,906.313,1904.56,7.7,77.23,24.6,24.0,36.55,1.818,6.207,0.18,0.73,15.57,14.12,12.24,0.07,1.8
bailout__sim_0.75__idf_2.0,True,0.75,2.0,beir_fiqa_doc_level,648,47.38,30.37,66.98,47.65,0.2984,208.997,203.252,1201.5,7.7,77.23,17.01,16.77,22.76,1.673,5.091,0.17,0.56,9.47,14.12,12.24,0.07,1.8
bailout__sim_0.80__idf_2.0,True,0.8,2.0,beir_fiqa_doc_level,648,48.3,31.09,68.06,47.91,0.2993,60.144,59.33,1057.57,7.7,77.23,15.33,15.14,19.94,1.647,4.838,0.17,0.53,8.11,14.12,12.24,0.07,1.8
bailout__sim_0.85__idf_2.0,True,0.85,2.0,beir_fiqa_doc_level,648,47.53,30.4,67.9,47.69,0.2982,12.782,12.721,1010.96,7.7,77.23,14.77,14.68,19.09,1.637,4.76,0.17,0.51,7.66,14.12,12.24,0.07,1.8
bailout__sim_0.65__idf_3.0,True,0.65,3.0,beir_fiqa_doc_level,648,46.6,29.95,66.67,47.16,0.2958,3870.011,3356.022,4354.27,7.7,77.23,42.68,41.83,72.22,2.363,8.908,0.2,1.28,29.62,14.12,12.24,0.07,1.8
bailout__sim_0.70__idf_3.0,True,0.7,3.0,beir_fiqa_doc_level,648,46.91,30.15,66.98,47.26,0.2963,576.057,551.128,1549.37,7.7,77.23,18.89,18.36,27.89,1.712,4.137,0.17,0.65,12.15,14.12,12.24,0.07,1.8
bailout__sim_0.75__idf_3.0,True,0.75,3.0,beir_fiqa_doc_level,648,47.22,30.38,66.98,47.57,0.2962,113.474,111.289,1109.53,7.7,77.23,14.4,14.23,18.77,1.642,3.447,0.17,0.54,8.55,14.12,12.24,0.07,1.8
bailout__sim_0.80__idf_3.0,True,0.8,3.0,beir_fiqa_doc_level,648,47.69,30.72,67.59,47.72,0.2991,31.125,30.775,1029.02,7.7,77.23,13.61,13.46,17.4,1.648,3.342,0.16,0.53,7.89,14.12,12.24,0.07,1.8
bailout__sim_0.85__idf_3.0,True,0.85,3.0,beir_fiqa_doc_level,648,47.22,30.12,67.9,47.54,0.2987,7.778,7.745,1005.99,7.7,77.23,13.45,13.43,16.93,1.68,3.298,0.17,0.53,7.74,14.12,12.24,0.07,1.8
bailout__sim_0.65__idf_4.0,True,0.65,4.0,beir_fiqa_doc_level,648,46.76,29.97,66.67,47.16,0.2959,1950.901,1810.895,2809.14,7.7,77.23,27.78,25.55,54.39,1.846,4.77,0.18,0.98,19.82,14.12,12.24,0.07,1.8
bailout__sim_0.70__idf_4.0,True,0.7,4.0,beir_fiqa_doc_level,648,46.76,30.1,66.67,47.16,0.2964,299.315,291.185,1289.43,7.7,77.23,14.92,14.42,22.43,1.689,2.462,0.16,0.61,9.94,14.12,12.24,0.07,1.8
bailout__sim_0.75__idf_4.0,True,0.75,4.0,beir_fiqa_doc_level,648,47.22,30.41,66.82,47.42,0.2953,58.617,57.742,1055.99,7.7,77.23,12.77,12.61,16.66,1.701,2.127,0.16,0.55,8.19,14.12,12.24,0.07,1.8
bailout__sim_0.80__idf_4.0,True,0.8,4.0,beir_fiqa_doc_level,648,47.38,30.7,67.28,47.64,0.299,14.827,14.702,1012.95,7.7,77.23,12.13,12.15,15.12,1.656,2.013,0.16,0.53,7.73,14.12,12.24,0.07,1.8
bailout__sim_0.85__idf_4.0,True,0.85,4.0,beir_fiqa_doc_level,648,47.22,30.18,67.9,47.82,0.3009,3.852,3.844,1002.09,7.7,77.23,12.05,12.04,14.94,1.674,2.012,0.16,0.53,7.64,14.12,12.24,0.07,1.8
baseline_no_bailout,False,0.85,999.0,multihop_rag_doc_level,2556,99.29,84.74,99.78,97.83,0.8122,0.0,0.063,1024.79,27.61,51.74,10.65,10.59,12.16,4.254,0.038,0.14,1.19,4.99,3.34,1.73,0.03,1.57
bailout__sim_0.65__idf_0.0,True,0.65,0.0,multihop_rag_doc_level,2556,99.2,84.46,99.78,97.79,0.8102,17928.196,8674.988,9699.71,27.61,51.74,95.24,94.08,129.58,8.746,38.402,0.6,3.85,42.51,3.34,1.73,0.03,1.57
bailout__sim_0.70__idf_0.0,True,0.7,0.0,multihop_rag_doc_level,2556,99.25,84.52,99.78,97.86,0.8118,2577.377,1983.753,3008.48,27.61,51.74,39.01,38.52,52.26,4.803,17.146,0.21,1.63,15.02,3.34,1.73,0.03,1.57
bailout__sim_0.75__idf_0.0,True,0.75,0.0,multihop_rag_doc_level,2556,99.33,84.76,99.82,97.93,0.8086,467.214,425.958,1450.68,27.61,51.74,27.66,27.3,36.31,4.537,14.265,0.19,1.27,7.32,3.34,1.73,0.03,1.57
bailout__sim_0.80__idf_0.0,True,0.8,0.0,multihop_rag_doc_level,2556,99.33,84.85,99.82,97.87,0.8095,110.808,106.153,1130.88,27.61,51.74,25.42,25.04,32.94,4.493,13.79,0.19,1.19,5.71,3.34,1.73,0.03,1.57
bailout__sim_0.85__idf_0.0,True,0.85,0.0,multihop_rag_doc_level,2556,99.38,84.83,99.78,97.83,0.8059,25.821,25.202,1049.92,27.61,51.74,24.74,24.42,31.94,4.461,13.61,0.19,1.18,5.26,3.34,1.73,0.03,1.57
bailout__sim_0.65__idf_2.0,True,0.65,2.0,multihop_rag_doc_level,2556,99.25,84.66,99.78,97.8,0.8104,6747.027,4938.719,5963.44,27.61,51.74,54.04,53.07,77.26,5.558,15.769,0.21,2.25,29.78,3.34,1.73,0.03,1.57
bailout__sim_0.70__idf_2.0,True,0.7,2.0,multihop_rag_doc_level,2556,99.29,84.71,99.82,97.95,0.8114,1035.226,934.948,1959.67,27.61,51.74,24.13,23.7,32.09,4.498,8.078,0.18,1.36,9.91,3.34,1.73,0.03,1.57
bailout__sim_0.75__idf_2.0,True,0.75,2.0,multihop_rag_doc_level,2556,99.25,84.65,99.82,97.88,0.8096,188.374,179.883,1204.61,27.61,51.74,18.8,18.57,23.61,4.387,6.916,0.18,1.19,6.07,3.34,1.73,0.03,1.57
bailout__sim_0.80__idf_2.0,True,0.8,2.0,multihop_rag_doc_level,2556,99.33,85.0,99.82,97.9,0.8105,41.633,40.011,1064.73,27.61,51.74,17.79,17.59,22.13,4.363,6.72,0.18,1.17,5.31,3.34,1.73,0.03,1.57
bailout__sim_0.85__idf_2.0,True,0.85,2.0,multihop_rag_doc_level,2556,99.29,84.98,99.78,97.88,0.8083,11.296,10.936,1035.66,27.61,51.74,17.5,17.31,21.64,4.321,6.634,0.18,1.16,5.17,3.34,1.73,0.03,1.57
bailout__sim_0.65__idf_3.0,True,0.65,3.0,multihop_rag_doc_level,2556,99.25,84.69,99.78,97.83,0.8114,1827.095,1650.523,2675.25,27.61,51.74,25.1,24.24,40.03,4.608,5.231,0.18,1.49,13.43,3.34,1.73,0.03,1.57
bailout__sim_0.70__idf_3.0,True,0.7,3.0,multihop_rag_doc_level,2556,99.29,84.67,99.78,97.86,0.813,301.515,289.268,1313.99,27.61,51.74,15.55,15.29,20.39,4.296,3.157,0.17,1.23,6.64,3.34,1.73,0.03,1.57
bailout__sim_0.75__idf_3.0,True,0.75,3.0,multihop_rag_doc_level,2556,99.25,84.75,99.82,97.95,0.8113,56.014,54.001,1078.72,27.61,51.74,13.87,13.71,17.05,4.262,2.819,0.17,1.17,5.4,3.34,1.73,0.03,1.57
bailout__sim_0.80__idf_3.0,True,0.8,3.0,multihop_rag_doc_level,2556,99.33,84.68,99.78,97.9,0.8127,13.175,12.34,1037.06,27.61,51.74,13.61,13.46,16.59,4.26,2.766,0.17,1.17,5.2,3.34,1.73,0.03,1.57
bailout__sim_0.85__idf_3.0,True,0.85,3.0,multihop_rag_doc_level,2556,99.2,84.71,99.78,97.89,0.809,3.958,3.737,1028.46,27.61,51.74,13.5,13.37,16.32,4.253,2.735,0.17,1.17,5.13,3.34,1.73,0.03,1.57
bailout__sim_0.65__idf_4.0,True,0.65,4.0,multihop_rag_doc_level,2556,99.25,84.71,99.78,97.83,0.8122,1033.333,963.275,1988.0,27.61,51.74,19.07,18.1,31.42,4.306,3.143,0.17,1.37,9.98,3.34,1.73,0.03,1.57
bailout__sim_0.70__idf_4.0,True,0.7,4.0,multihop_rag_doc_level,2556,99.33,84.8,99.78,97.87,0.8132,172.451,166.118,1190.84,27.61,51.74,13.72,13.47,17.75,4.283,2.013,0.17,1.21,5.99,3.34,1.73,0.03,1.57
bailout__sim_0.75__idf_4.0,True,0.75,4.0,multihop_rag_doc_level,2556,99.33,84.83,99.78,97.92,0.8134,31.809,30.557,1055.28,27.61,51.74,12.72,12.62,15.41,4.266,1.813,0.17,1.18,5.25,3.34,1.73,0.03,1.57
bailout__sim_0.80__idf_4.0,True,0.8,4.0,multihop_rag_doc_level,2556,99.42,84.92,99.78,97.86,0.8108,7.289,6.734,1031.46,27.61,51.74,12.53,12.43,15.07,4.259,1.767,0.17,1.18,5.12,3.34,1.73,0.03,1.57
bailout__sim_0.85__idf_4.0,True,0.85,4.0,multihop_rag_doc_level,2556,99.29,84.74,99.78,97.9,0.8105,2.23,2.075,1026.8,27.61,51.74,12.49,12.38,15.02,4.267,1.757,0.17,1.18,5.08,3.34,1.73,0.03,1.57
baseline_no_bailout,False,0.85,999.0,financebench_doc_level,150,54.67,52.11,72.67,69.67,0.3312,0.0,0.013,1011.19,16.58,58.01,9.08,8.91,11.07,2.878,0.038,0.12,0.87,5.14,1.68,1.05,0.01,0.61
bailout__sim_0.65__idf_0.0,True,0.65,0.0,financebench_doc_level,150,54.0,51.44,72.67,69.67,0.32,6261.4,3250.447,4261.62,16.58,58.01,36.82,33.99,57.81,3.16,10.934,0.18,1.74,20.42,1.68,1.05,0.01,0.61
bailout__sim_0.70__idf_0.0,True,0.7,0.0,financebench_doc_level,150,55.33,52.78,74.0,70.67,0.3224,1074.493,857.087,1868.26,16.58,58.01,18.17,16.93,27.47,3.039,4.482,0.17,1.04,9.34,1.68,1.05,0.01,0.61
bailout__sim_0.75__idf_0.0,True,0.75,0.0,financebench_doc_level,150,54.67,51.78,74.67,71.33,0.3292,227.74,214.813,1225.99,16.58,58.01,13.62,12.71,18.6,3.007,3.389,0.17,0.89,6.12,1.68,1.05,0.01,0.61
bailout__sim_0.80__idf_0.0,True,0.8,0.0,financebench_doc_level,150,56.0,53.11,74.67,71.67,0.33,52.0,50.987,1062.16,16.58,58.01,12.51,12.0,16.96,2.997,3.156,0.16,0.85,5.3,1.68,1.05,0.01,0.61
bailout__sim_0.85__idf_0.0,True,0.85,0.0,financebench_doc_level,150,55.33,53.11,76.0,72.33,0.3376,12.633,12.513,1023.69,16.58,58.01,12.35,11.84,16.53,3.007,3.13,0.17,0.86,5.15,1.68,1.05,0.01,0.61
bailout__sim_0.65__idf_2.0,True,0.65,2.0,financebench_doc_level,150,54.0,51.44,72.67,69.67,0.32,3203.567,2155.227,3166.4,16.58,58.01,26.94,25.54,45.54,3.206,6.239,0.17,1.37,15.73,1.68,1.05,0.01,0.61
bailout__sim_0.70__idf_2.0,True,0.7,2.0,financebench_doc_level,150,55.33,52.78,74.0,70.67,0.3264,562.407,487.853,1499.03,16.58,58.01,14.59,13.79,21.48,2.992,2.893,0.16,0.96,7.52,1.68,1.05,0.01,0.61
bailout__sim_0.75__idf_2.0,True,0.75,2.0,financebench_doc_level,150,54.67,52.11,74.67,71.33,0.3278,112.773,106.567,1117.74,16.58,58.01,11.94,11.31,15.93,2.983,2.296,0.16,0.87,5.58,1.68,1.05,0.01,0.61
bailout__sim_0.80__idf_2.0,True,0.8,2.0,financebench_doc_level,150,56.0,52.78,74.67,71.67,0.3311,23.527,22.953,1034.13,16.58,58.01,11.43,11.02,14.91,2.993,2.203,0.16,0.85,5.18,1.68,1.05,0.01,0.61
bailout__sim_0.85__idf_2.0,True,0.85,2.0,financebench_doc_level,150,55.33,53.11,75.33,72.33,0.3314,5.66,5.567,1016.74,16.58,58.01,11.23,10.77,14.47,2.944,2.15,0.16,0.86,5.09,1.68,1.05,0.01,0.61
bailout__sim_0.65__idf_3.0,True,0.65,3.0,financebench_doc_level,150,54.0,51.44,72.67,69.67,0.3208,1773.133,1363.78,2374.95,16.58,58.01,20.18,19.46,32.51,3.034,3.888,0.16,1.16,11.8,1.68,1.05,0.01,0.61
bailout__sim_0.70__idf_3.0,True,0.7,3.0,financebench_doc_level,150,55.33,52.78,74.0,70.67,0.3266,319.4,284.48,1295.65,16.58,58.01,12.77,12.28,17.9,3.008,2.049,0.16,0.93,6.56,1.68,1.05,0.01,0.61
bailout__sim_0.75__idf_3.0,True,0.75,3.0,financebench_doc_level,150,54.67,52.11,74.67,71.67,0.3269,68.693,64.067,1075.24,16.58,58.01,11.13,10.68,14.11,2.96,1.692,0.16,0.87,5.41,1.68,1.05,0.01,0.61
bailout__sim_0.80__idf_3.0,True,0.8,3.0,financebench_doc_level,150,56.0,53.11,74.0,71.0,0.3348,14.42,13.907,1025.08,16.58,58.01,10.81,10.42,13.73,3.001,1.632,0.16,0.86,5.13,1.68,1.05,0.01,0.61
bailout__sim_0.85__idf_3.0,True,0.85,3.0,financebench_doc_level,150,56.67,54.11,74.67,71.67,0.3369,3.26,3.167,1014.34,16.58,58.01,10.67,10.33,13.27,2.96,1.595,0.15,0.86,5.07,1.68,1.05,0.01,0.61
bailout__sim_0.65__idf_4.0,True,0.65,4.0,financebench_doc_level,150,54.0,51.44,72.67,69.67,0.3208,1587.253,1226.36,2237.53,16.58,58.01,19.15,18.07,31.54,3.035,3.578,0.16,1.13,11.11,1.68,1.05,0.01,0.61
bailout__sim_0.70__idf_4.0,True,0.7,4.0,financebench_doc_level,150,55.33,52.78,74.0,70.67,0.3266,285.393,253.833,1265.01,16.58,58.01,12.34,11.71,17.16,2.976,1.911,0.16,0.92,6.33,1.68,1.05,0.01,0.61
bailout__sim_0.75__idf_4.0,True,0.75,4.0,financebench_doc_level,150,54.67,52.11,74.67,71.67,0.3269,62.393,58.013,1069.19,16.58,58.01,11.0,10.52,14.02,2.963,1.624,0.15,0.87,5.35,1.68,1.05,0.01,0.61
bailout__sim_0.80__idf_4.0,True,0.8,4.0,financebench_doc_level,150,56.0,53.11,74.0,71.0,0.3349,13.093,12.587,1023.76,16.58,58.01,10.71,10.28,13.59,2.969,1.558,0.16,0.86,5.12,1.68,1.05,0.01,0.61
bailout__sim_0.85__idf_4.0,True,0.85,4.0,financebench_doc_level,150,56.67,54.11,74.67,71.67,0.3372,2.853,2.76,1013.93,16.58,58.01,10.69,10.23,13.61,2.961,1.544,0.16,0.87,5.12,1.68,1.05,0.01,0.61
baseline_no_bailout,False,0.85,999.0,bright_economics_doc_level,103,27.18,13.71,46.6,25.85,0.1245,0.0,0.097,1044.24,55.19,96.2,12.66,12.0,17.31,3.311,0.059,0.15,1.67,7.44,7.43,5.14,0.09,2.2
bailout__sim_0.65__idf_0.0,True,0.65,0.0,bright_economics_doc_level,103,25.24,13.4,46.6,25.9,0.1239,47119.893,15562.204,16606.35,55.19,96.2,217.39,199.75,357.1,7.849,104.853,0.84,9.82,90.55,7.43,5.14,0.09,2.2
bailout__sim_0.70__idf_0.0,True,0.7,0.0,bright_economics_doc_level,103,25.24,13.42,46.6,25.9,0.1253,7103.767,4366.107,5410.25,55.19,96.2,96.59,90.24,160.97,6.782,50.221,0.78,3.18,34.71,7.43,5.14,0.09,2.2
bailout__sim_0.75__idf_0.0,True,0.75,0.0,bright_economics_doc_level,103,26.21,13.89,46.6,25.86,0.1311,1494.214,1221.583,2265.73,55.19,96.2,67.92,59.6,121.54,6.756,41.927,0.72,2.15,15.82,7.43,5.14,0.09,2.2
bailout__sim_0.80__idf_0.0,True,0.8,0.0,bright_economics_doc_level,103,27.18,14.09,45.63,25.75,0.1325,398.806,363.67,1407.82,55.19,96.2,54.89,48.64,98.43,4.208,37.673,0.28,1.91,10.34,7.43,5.14,0.09,2.2
bailout__sim_0.85__idf_0.0,True,0.85,0.0,bright_economics_doc_level,103,26.21,13.67,45.63,25.79,0.1257,89.544,84.621,1128.77,55.19,96.2,52.98,46.43,94.73,4.473,37.288,0.3,1.89,8.59,7.43,5.14,0.09,2.2
bailout__sim_0.65__idf_2.0,True,0.65,2.0,bright_economics_doc_level,103,25.24,13.4,46.6,25.9,0.1239,47017.019,15541.524,16585.67,55.19,96.2,223.84,206.51,364.57,9.603,107.504,1.08,10.63,91.12,7.43,5.14,0.09,2.2
bailout__sim_0.70__idf_2.0,True,0.7,2.0,bright_economics_doc_level,103,25.24,13.42,46.6,25.9,0.1253,7087.301,4355.301,5399.45,55.19,96.2,94.08,83.75,157.5,6.068,48.99,0.59,3.18,34.33,7.43,5.14,0.09,2.2
bailout__sim_0.75__idf_2.0,True,0.75,2.0,bright_economics_doc_level,103,26.21,13.89,46.6,25.86,0.1311,1492.175,1219.767,2263.91,55.19,96.2,65.55,58.18,119.69,5.344,41.004,0.46,2.18,15.99,7.43,5.14,0.09,2.2
bailout__sim_0.80__idf_2.0,True,0.8,2.0,bright_economics_doc_level,103,27.18,14.09,45.63,25.75,0.1325,398.534,363.398,1407.54,55.19,96.2,57.32,50.38,103.57,5.207,38.888,0.44,1.93,10.37,7.43,5.14,0.09,2.2
bailout__sim_0.85__idf_2.0,True,0.85,2.0,bright_economics_doc_level,103,26.21,13.67,45.63,25.79,0.1257,89.544,84.621,1128.77,55.19,96.2,53.19,46.63,93.7,4.6,37.435,0.29,1.86,8.53,7.43,5.14,0.09,2.2
bailout__sim_0.65__idf_3.0,True,0.65,3.0,bright_economics_doc_level,103,25.24,13.48,46.6,25.9,0.1239,42527.32,14943.66,15987.81,55.19,96.2,207.64,193.84,352.66,9.104,96.539,1.04,9.49,88.09,7.43,5.14,0.09,2.2
bailout__sim_0.70__idf_3.0,True,0.7,3.0,bright_economics_doc_level,103,25.24,13.4,46.6,25.86,0.1253,6530.243,4155.728,5199.87,55.19,96.2,89.95,78.59,159.24,6.689,45.458,0.68,3.03,33.31,7.43,5.14,0.09,2.2
bailout__sim_0.75__idf_3.0,True,0.75,3.0,bright_economics_doc_level,103,26.21,13.8,47.57,26.04,0.1309,1352.612,1134.408,2178.55,55.19,96.2,60.24,53.73,110.63,5.37,36.663,0.44,2.06,15.27,7.43,5.14,0.09,2.2
bailout__sim_0.80__idf_3.0,True,0.8,3.0,bright_economics_doc_level,103,27.18,14.09,45.63,25.51,0.1325,353.301,327.33,1371.48,55.19,96.2,55.62,48.61,104.36,6.565,35.887,0.84,1.89,10.09,7.43,5.14,0.09,2.2
bailout__sim_0.85__idf_3.0,True,0.85,3.0,bright_economics_doc_level,103,26.21,13.75,45.63,25.45,0.1258,81.107,77.097,1121.24,55.19,96.2,48.45,43.36,88.39,4.249,33.383,0.27,1.83,8.37,7.43,5.14,0.09,2.2
bailout__sim_0.65__idf_4.0,True,0.65,4.0,bright_economics_doc_level,103,26.21,13.8,46.6,25.85,0.1255,27157.33,12024.971,13069.12,55.19,96.2,154.72,144.52,262.41,8.53,63.736,0.93,6.45,73.06,7.43,5.14,0.09,2.2
bailout__sim_0.70__idf_4.0,True,0.7,4.0,bright_economics_doc_level,103,25.24,13.48,46.6,25.9,0.1245,4185.68,2987.194,4031.34,55.19,96.2,63.2,56.18,108.32,5.075,29.386,0.34,2.48,25.49,7.43,5.14,0.09,2.2
bailout__sim_0.75__idf_4.0,True,0.75,4.0,bright_economics_doc_level,103,26.21,13.8,46.6,25.9,0.1308,816.573,711.66,1755.81,55.19,96.2,45.39,39.99,77.98,5.456,25.035,0.54,1.91,12.25,7.43,5.14,0.09,2.2
bailout__sim_0.80__idf_4.0,True,0.8,4.0,bright_economics_doc_level,103,26.21,14.05,45.63,25.33,0.1323,204.641,191.252,1235.4,55.19,96.2,37.6,32.37,70.05,3.91,22.589,0.24,1.75,8.91,7.43,5.14,0.09,2.2
bailout__sim_0.85__idf_4.0,True,0.85,4.0,bright_economics_doc_level,103,26.21,13.69,45.63,25.6,0.1256,51.369,48.913,1093.06,55.19,96.2,36.55,32.42,64.4,3.93,22.478,0.24,1.74,8.01,7.43,5.14,0.09,2.2
baseline_no_bailout,False,0.85,999.0,bright_stackoverflow_doc_level,117,40.17,22.26,51.28,36.88,0.2003,0.0,0.274,1060.74,67.49,82.38,18.58,17.86,26.21,6.449,0.084,0.15,1.87,10.0,25.74,23.43,0.15,2.15
bailout__sim_0.65__idf_0.0,True,0.65,0.0,bright_stackoverflow_doc_level,117,39.32,22.57,51.28,36.67,0.195,95706.59,24941.59,26002.05,67.49,82.38,375.15,333.36,729.92,15.195,182.868,1.08,21.49,146.06,25.74,23.43,0.15,2.15
bailout__sim_0.70__idf_0.0,True,0.7,0.0,bright_stackoverflow_doc_level,117,39.32,22.57,50.43,36.46,0.2059,13948.171,7892.342,8952.8,67.49,82.38,159.63,140.74,315.6,12.508,72.796,0.73,4.67,67.53,25.74,23.43,0.15,2.15
bailout__sim_0.75__idf_0.0,True,0.75,0.0,bright_stackoverflow_doc_level,117,38.46,22.03,51.28,36.73,0.2029,3066.06,2420.53,3480.99,67.49,82.38,98.48,85.34,192.62,9.936,55.245,0.48,2.6,29.67,25.74,23.43,0.15,2.15
bailout__sim_0.80__idf_0.0,True,0.8,0.0,bright_stackoverflow_doc_level,117,38.46,21.65,50.43,35.71,0.2061,790.641,707.299,1767.76,67.49,82.38,78.33,68.93,163.88,8.646,50.375,0.37,2.15,16.44,25.74,23.43,0.15,2.15
bailout__sim_0.85__idf_0.0,True,0.85,0.0,bright_stackoverflow_doc_level,117,37.61,21.32,52.14,38.08,0.1951,145.111,135.598,1196.06,67.49,82.38,71.76,60.62,154.2,8.146,48.638,0.33,2.03,12.31,25.74,23.43,0.15,2.15
bailout__sim_0.65__idf_2.0,True,0.65,2.0,bright_stackoverflow_doc_level,117,39.32,22.57,51.28,36.67,0.195,94252.282,24796.393,25856.85,67.49,82.38,376.5,338.08,722.05,15.961,182.586,1.08,22.17,145.55,25.74,23.43,0.15,2.15
bailout__sim_0.70__idf_2.0,True,0.7,2.0,bright_stackoverflow_doc_level,117,39.32,22.57,50.43,36.46,0.2055,13747.316,7795.137,8855.6,67.49,82.38,156.92,139.56,303.9,12.397,71.161,0.84,4.65,66.5,25.74,23.43,0.15,2.15
bailout__sim_0.75__idf_2.0,True,0.75,2.0,bright_stackoverflow_doc_level,117,38.46,22.03,51.28,36.73,0.2029,3018.632,2379.855,3440.32,67.49,82.38,98.67,85.25,198.07,11.009,54.531,0.74,2.57,29.31,25.74,23.43,0.15,2.15
bailout__sim_0.80__idf_2.0,True,0.8,2.0,bright_stackoverflow_doc_level,117,38.46,21.65,50.43,35.71,0.2057,779.974,697.316,1757.78,67.49,82.38,76.86,67.64,158.32,8.485,49.155,0.34,2.15,16.4,25.74,23.43,0.15,2.15
bailout__sim_0.85__idf_2.0,True,0.85,2.0,bright_stackoverflow_doc_level,117,37.61,21.32,52.14,38.08,0.196,143.658,134.188,1194.65,67.49,82.38,70.03,59.79,146.72,7.873,47.45,0.32,2.0,12.1,25.74,23.43,0.15,2.15
bailout__sim_0.65__idf_3.0,True,0.65,3.0,bright_stackoverflow_doc_level,117,39.32,22.57,51.28,36.67,0.2054,74166.846,22552.094,23612.56,67.49,82.38,326.73,280.64,632.53,15.877,147.164,1.07,17.44,138.34,25.74,23.43,0.15,2.15
bailout__sim_0.70__idf_3.0,True,0.7,3.0,bright_stackoverflow_doc_level,117,39.32,22.57,50.43,36.46,0.2045,10774.53,6377.744,7438.21,67.49,82.38,133.46,117.46,267.19,12.028,58.502,0.82,4.0,57.05,25.74,23.43,0.15,2.15
bailout__sim_0.75__idf_3.0,True,0.75,3.0,bright_stackoverflow_doc_level,117,38.46,22.03,51.28,36.73,0.2033,2229.0,1746.59,2807.05,67.49,82.38,79.83,68.97,172.09,8.803,43.598,0.4,2.39,24.28,25.74,23.43,0.15,2.15
bailout__sim_0.80__idf_3.0,True,0.8,3.0,bright_stackoverflow_doc_level,117,38.46,21.82,52.14,37.23,0.2052,567.291,502.547,1563.01,67.49,82.38,66.0,56.06,147.38,8.155,40.594,0.32,2.05,14.63,25.74,23.43,0.15,2.15
bailout__sim_0.85__idf_3.0,True,0.85,3.0,bright_stackoverflow_doc_level,117,38.46,22.18,51.28,37.18,0.199,117.547,109.342,1169.8,67.49,82.38,61.45,52.9,136.2,7.819,39.352,0.3,1.98,11.8,25.74,23.43,0.15,2.15
bailout__sim_0.65__idf_4.0,True,0.65,4.0,bright_stackoverflow_doc_level,117,39.32,22.4,51.28,36.93,0.1993,47887.872,18303.462,19363.92,67.49,82.38,248.48,227.15,494.52,14.176,98.027,0.81,11.6,119.64,25.74,23.43,0.15,2.15
bailout__sim_0.70__idf_4.0,True,0.7,4.0,bright_stackoverflow_doc_level,117,39.32,22.57,51.28,36.72,0.2009,7094.615,4507.932,5568.39,67.49,82.38,95.77,83.97,203.97,9.553,39.121,0.43,3.2,42.75,25.74,23.43,0.15,2.15
bailout__sim_0.75__idf_4.0,True,0.75,4.0,bright_stackoverflow_doc_level,117,39.32,22.76,52.14,37.63,0.1958,1421.376,1093.06,2153.52,67.49,82.38,58.79,51.23,122.7,7.688,29.747,0.27,2.14,18.69,25.74,23.43,0.15,2.15
bailout__sim_0.80__idf_4.0,True,0.8,4.0,bright_stackoverflow_doc_level,117,38.46,21.65,52.99,38.2,0.2064,336.299,287.504,1347.97,67.49,82.38,50.04,41.73,102.65,7.31,27.628,0.26,1.95,12.71,25.74,23.43,0.15,2.15
bailout__sim_0.85__idf_4.0,True,0.85,4.0,bright_stackoverflow_doc_level,117,38.46,21.75,51.28,36.96,0.2018,72.701,66.034,1126.5,67.49,82.38,47.73,40.9,102.62,7.309,27.122,0.26,1.87,11.0,25.74,23.43,0.15,2.15
baseline_no_bailout,False,0.85,999.0,bright_robotics_doc_level,101,22.77,12.64,47.52,27.66,0.0976,0.0,0.624,1059.97,86.98,90.78,18.15,14.47,39.26,7.66,0.094,0.15,2.34,7.87,6.35,4.26,0.11,1.99
bailout__sim_0.65__idf_0.0,True,0.65,0.0,bright_robotics_doc_level,101,22.77,12.64,48.51,28.65,0.0976,90898.455,21824.604,22883.95,86.98,90.78,340.49,241.97,895.99,14.521,177.261,0.8,20.31,119.85,6.35,4.26,0.11,1.99
bailout__sim_0.70__idf_0.0,True,0.7,0.0,bright_robotics_doc_level,101,22.77,12.14,48.51,28.65,0.0989,20022.98,7138.436,8197.78,86.98,90.78,150.3,97.74,395.49,12.208,80.65,0.54,6.32,48.82,6.35,4.26,0.11,1.99
bailout__sim_0.75__idf_0.0,True,0.75,0.0,bright_robotics_doc_level,101,22.77,12.18,47.52,27.72,0.0981,6310.416,2472.099,3531.45,86.98,90.78,98.95,63.05,284.0,10.535,60.698,0.47,3.72,22.9,6.35,4.26,0.11,1.99
bailout__sim_0.80__idf_0.0,True,0.8,0.0,bright_robotics_doc_level,101,25.74,14.36,47.52,27.87,0.1033,1436.356,840.287,1899.63,86.98,90.78,79.93,54.21,243.7,9.671,52.982,0.34,2.95,13.67,6.35,4.26,0.11,1.99
bailout__sim_0.85__idf_0.0,True,0.85,0.0,bright_robotics_doc_level,101,23.76,13.37,48.51,27.67,0.0985,268.01,217.564,1276.91,86.98,90.78,72.92,49.66,229.25,9.617,49.965,0.33,2.74,10.02,6.35,4.26,0.11,1.99
bailout__sim_0.65__idf_2.0,True,0.65,2.0,bright_robotics_doc_level,101,22.77,12.64,48.51,28.65,0.0976,90672.564,21773.762,22833.11,86.98,90.78,343.63,247.29,920.27,15.589,178.77,0.86,20.63,119.73,6.35,4.26,0.11,1.99
bailout__sim_0.70__idf_2.0,True,0.7,2.0,bright_robotics_doc_level,101,22.77,12.14,48.51,28.65,0.0989,19997.584,7122.228,8181.57,86.98,90.78,150.58,98.75,409.47,12.268,80.657,0.62,6.38,48.81,6.35,4.26,0.11,1.99
bailout__sim_0.75__idf_2.0,True,0.75,2.0,bright_robotics_doc_level,101,22.77,12.18,47.52,27.72,0.0981,6307.446,2469.723,3529.07,86.98,90.78,97.64,60.7,284.13,10.057,59.887,0.36,3.81,22.82,6.35,4.26,0.11,1.99
bailout__sim_0.80__idf_2.0,True,0.8,2.0,bright_robotics_doc_level,101,25.74,14.36,47.52,27.87,0.1033,1436.059,840.0,1899.35,86.98,90.78,79.54,52.69,257.28,9.656,52.755,0.34,2.94,13.51,6.35,4.26,0.11,1.99
bailout__sim_0.85__idf_2.0,True,0.85,2.0,bright_robotics_doc_level,101,23.76,13.37,48.51,27.67,0.0985,267.861,217.426,1276.77,86.98,90.78,73.19,48.12,226.67,9.689,50.288,0.34,2.72,9.89,6.35,4.26,0.11,1.99
bailout__sim_0.65__idf_3.0,True,0.65,3.0,bright_robotics_doc_level,101,22.77,12.64,48.51,28.65,0.0976,87293.426,21352.842,22412.19,86.98,90.78,335.4,240.69,880.83,16.215,172.324,1.01,20.08,117.88,6.35,4.26,0.11,1.99
bailout__sim_0.70__idf_3.0,True,0.7,3.0,bright_robotics_doc_level,101,22.77,12.14,48.51,28.65,0.0989,19340.158,6871.604,7930.95,86.98,90.78,149.16,95.93,415.75,12.456,80.801,0.67,6.23,47.27,6.35,4.26,0.11,1.99
bailout__sim_0.75__idf_3.0,True,0.75,3.0,bright_robotics_doc_level,101,22.77,12.18,47.52,27.72,0.0981,6075.723,2339.337,3398.68,86.98,90.78,94.69,58.43,278.0,10.036,58.04,0.39,3.68,21.92,6.35,4.26,0.11,1.99
bailout__sim_0.80__idf_3.0,True,0.8,3.0,bright_robotics_doc_level,101,25.74,14.36,47.52,27.92,0.1033,1349.644,778.644,1837.99,86.98,90.78,77.25,52.11,237.73,9.714,50.659,0.34,2.99,13.23,6.35,4.26,0.11,1.99
bailout__sim_0.85__idf_3.0,True,0.85,3.0,bright_robotics_doc_level,101,23.76,13.37,47.52,27.57,0.0985,241.386,193.386,1252.73,86.98,90.78,70.37,47.45,212.59,8.864,48.474,0.35,2.71,9.74,6.35,4.26,0.11,1.99
bailout__sim_0.65__idf_4.0,True,0.65,4.0,bright_robotics_doc_level,101,22.77,12.64,47.52,27.66,0.0976,70402.149,18052.376,19111.72,86.98,90.78,281.46,197.38,830.11,15.208,139.946,0.99,16.49,102.65,6.35,4.26,0.11,1.99
bailout__sim_0.70__idf_4.0,True,0.7,4.0,bright_robotics_doc_level,101,22.77,12.14,48.51,28.71,0.0989,16282.129,5113.832,6173.18,86.98,90.78,119.09,68.26,373.49,10.853,63.493,0.36,5.59,37.38,6.35,4.26,0.11,1.99
bailout__sim_0.75__idf_4.0,True,0.75,4.0,bright_robotics_doc_level,101,22.77,12.18,47.52,27.72,0.0981,5074.495,1547.079,2606.43,86.98,90.78,78.52,45.23,232.8,9.588,47.434,0.3,3.4,17.37,6.35,4.26,0.11,1.99
bailout__sim_0.80__idf_4.0,True,0.8,4.0,bright_robotics_doc_level,101,25.74,14.36,47.52,28.02,0.1033,965.505,438.248,1497.59,86.98,90.78,64.39,39.94,197.73,8.917,41.189,0.3,2.72,11.07,6.35,4.26,0.11,1.99
bailout__sim_0.85__idf_4.0,True,0.85,4.0,bright_robotics_doc_level,101,23.76,13.37,46.53,27.54,0.0983,144.535,101.465,1160.81,86.98,90.78,60.61,39.12,203.62,9.088,39.414,0.31,2.61,9.06,6.35,4.26,0.11,1.99
